
> conductor-ui@0.1.0 build
> tsc --noEmit && vite build

[36mvite v8.0.16 [32mbuilding client environment for production...[36m[39m
[2Ktransforming...✓ 105 modules transformed.
rendering chunks...
computing gzip size...
dist/index.html                                                     0.58 kB │ gzip:  0.34 kB
dist/assets/jetbrains-mono-greek-400-normal-C190GLew.woff2          4.22 kB
dist/assets/jetbrains-mono-greek-500-normal-JpySY46c.woff2          4.28 kB
dist/assets/jetbrains-mono-cyrillic-400-normal-BEIGL1Tu.woff2       5.32 kB
dist/assets/jetbrains-mono-cyrillic-500-normal-DmUKJPL_.woff2       5.35 kB
dist/assets/jetbrains-mono-vietnamese-400-normal-CqNFfHCs.woff      5.37 kB
dist/assets/jetbrains-mono-vietnamese-500-normal-DNRqzVM1.woff      5.47 kB
dist/assets/jetbrains-mono-greek-400-normal-B9oWc5Lo.woff           5.66 kB
dist/assets/jetbrains-mono-greek-500-normal-D7SFKleX.woff           5.72 kB
dist/assets/ibm-plex-sans-vietnamese-400-normal-fK1oJ5dG.woff       6.39 kB
dist/assets/ibm-plex-sans-vietnamese-600-normal-DgdngZtN.woff       6.58 kB
dist/assets/ibm-plex-sans-vietnamese-500-normal-BEb3_waV.woff       6.58 kB
dist/assets/jetbrains-mono-cyrillic-400-normal-ugxPyKxw.woff        6.97 kB
dist/assets/jetbrains-mono-cyrillic-500-normal-DJqRU3vO.woff        7.02 kB
dist/assets/jetbrains-mono-latin-ext-400-normal-Bc8Ftmh3.woff2      7.33 kB
dist/assets/jetbrains-mono-latin-ext-500-normal-Cut-4mMH.woff2      7.52 kB
dist/assets/ibm-plex-sans-vietnamese-400-normal-DG4YqDda.woff2      8.20 kB
dist/assets/ibm-plex-sans-vietnamese-500-normal-e4dixQRQ.woff2      8.41 kB
dist/assets/ibm-plex-sans-vietnamese-600-normal-DpPYBSTl.woff2      8.46 kB
dist/assets/ibm-plex-sans-greek-400-normal-D9ESIMu3.woff            8.76 kB
dist/assets/ibm-plex-sans-greek-500-normal-CuWXN6rf.woff            9.14 kB
dist/assets/ibm-plex-sans-greek-600-normal-D-CqTdkO.woff            9.22 kB
dist/assets/ibm-plex-sans-greek-400-normal-_efipK4i.woff2           9.94 kB
dist/assets/jetbrains-mono-latin-ext-400-normal-fXTG6kC5.woff      10.12 kB
dist/assets/ibm-plex-sans-cyrillic-ext-400-normal-Dsrv2Tcn.woff    10.28 kB
dist/assets/jetbrains-mono-latin-ext-500-normal-ckzbgY84.woff      10.33 kB
dist/assets/ibm-plex-sans-greek-600-normal-DzTrcv_p.woff2          10.36 kB
dist/assets/ibm-plex-sans-greek-500-normal-JMMifIXV.woff2          10.37 kB
dist/assets/ibm-plex-sans-cyrillic-ext-500-normal-DB5PtV2g.woff    10.59 kB
dist/assets/ibm-plex-sans-cyrillic-ext-600-normal-Bz0x94Yp.woff    10.61 kB
dist/assets/ibm-plex-sans-cyrillic-ext-400-normal-g30qAdWV.woff2   12.14 kB
dist/assets/ibm-plex-sans-cyrillic-ext-600-normal-DUMzJB7m.woff2   12.30 kB
dist/assets/ibm-plex-sans-cyrillic-ext-500-normal-Cs5J6C77.woff2   12.30 kB
dist/assets/ibm-plex-sans-cyrillic-400-normal-BTotfTJu.woff        13.51 kB
dist/assets/ibm-plex-sans-cyrillic-500-normal-ByOcLdNv.woff        13.85 kB
dist/assets/ibm-plex-sans-cyrillic-600-normal-BGq0mW3O.woff        13.88 kB
dist/assets/ibm-plex-sans-latin-ext-400-normal-RBey6euL.woff       14.36 kB
dist/assets/ibm-plex-sans-latin-ext-500-normal-D0aIdm-b.woff       14.73 kB
dist/assets/ibm-plex-sans-latin-ext-600-normal-DIrixKbi.woff       14.77 kB
dist/assets/ibm-plex-sans-cyrillic-400-normal-DZqxrq2p.woff2       14.80 kB
dist/assets/ibm-plex-sans-cyrillic-500-normal-CocWQlwt.woff2       15.00 kB
dist/assets/ibm-plex-sans-cyrillic-600-normal-71GNu3SW.woff2       15.04 kB
dist/assets/ibm-plex-sans-latin-ext-400-normal-C5H60-Va.woff2      15.98 kB
dist/assets/ibm-plex-sans-latin-ext-600-normal-DOrvGEcy.woff2      16.44 kB
dist/assets/ibm-plex-sans-latin-ext-500-normal-DakdToA3.woff2      16.45 kB
dist/assets/jetbrains-mono-latin-400-normal-V6pRDFza.woff2         21.16 kB
dist/assets/jetbrains-mono-latin-500-normal-BWZEU5yA.woff2         21.83 kB
dist/assets/ibm-plex-sans-latin-400-normal-CYLoc0-x.woff           22.10 kB
dist/assets/ibm-plex-sans-latin-400-normal-CDDApCn2.woff2          22.58 kB
dist/assets/ibm-plex-sans-latin-600-normal-Cu4Hd6ag.woff           23.87 kB
dist/assets/ibm-plex-sans-latin-500-normal-BgVn5rGT.woff           23.91 kB
dist/assets/ibm-plex-sans-latin-500-normal-6ng42L7E.woff2          24.18 kB
dist/assets/ibm-plex-sans-latin-600-normal-CuJfVYMP.woff2          24.25 kB
dist/assets/jetbrains-mono-latin-400-normal-6-qcROiO.woff          27.49 kB
dist/assets/jetbrains-mono-latin-500-normal-CJOVTJB7.woff          28.20 kB
dist/assets/index-BNyVdTOz.css                                     48.24 kB │ gzip: 19.27 kB
dist/assets/index-Dof6Q_34.js                                     268.26 kB │ gzip: 83.32 kB

[33m[33m[PLUGIN_TIMINGS] [0mYour build spent significant time in plugins. Here is a breakdown:
  - vite:prepare-out-dir (51%)
  - vite:css (32%)
See https://rolldown.rs/options/checks#plugintimings for more details.
[39m
[32m✓ built in 6.63s[39m
    Finished `test` profile [unoptimized + debuginfo] target(s) in 0.37s
────────────
 Nextest run ID 73685315-94f8-4a2f-8796-d23730ef7ed9 with nextest profile: ci
    Starting 1136 tests across 63 binaries
        PASS [   0.023s] (   1/1136) conductor-cli::bin/conductor pause::tests::suspend_freezes_the_bar_in_place_and_returns_the_closure_value
        PASS [   0.032s] (   2/1136) conductor-cli::cli_smoke piped_coverage_output_carries_no_ansi_escapes
        PASS [   0.041s] (   3/1136) conductor-cli::cli_smoke help_lists_the_verbs
        PASS [   0.046s] (   4/1136) conductor-cli::bin/conductor pause::tests::select_off_tty_is_headless
        PASS [   0.051s] (   5/1136) conductor-cli::bin/conductor pause::tests::each_resolver_reports_its_own_kind
        PASS [   0.126s] (   6/1136) conductor-cli::cli_smoke run_resolves_a_scenario_by_p_id
        PASS [   0.160s] (   7/1136) conductor-cli::bin/conductor pause::tests::resolve_kind_agent_mode_overrides_an_attended_tty
        PASS [   0.173s] (   8/1136) conductor-cli::cli_smoke no_subcommand_is_a_usage_error
        PASS [   0.178s] (   9/1136) conductor-cli::bin/conductor pause::tests::select_agent_mode_is_headless
        PASS [   0.187s] (  10/1136) conductor-cli::cli_smoke coverage_lists_every_classified_pid
        PASS [   0.199s] (  11/1136) conductor-cli::bin/conductor commands::tests::only_a_hard_fail_exits_non_zero
        PASS [   0.225s] (  12/1136) conductor-cli::cli_smoke preflight_json_blocks_without_pulse_and_exits_nonzero
        PASS [   0.238s] (  13/1136) conductor-cli::bin/conductor pause::tests::headless_variant_can_decline
        PASS [   0.263s] (  14/1136) conductor-cli::cli_smoke preconditions_for_refuses_a_p_id_at_argument_parsing
        PASS [   0.269s] (  15/1136) conductor-cli::bin/conductor pause::tests::the_resolved_hold_records_the_answering_arm
        PASS [   0.274s] (  16/1136) conductor-cli::cli_smoke coverage_write_regenerates_the_matrix_file
        PASS [   0.274s] (  17/1136) conductor-cli::bin/conductor pause::tests::headless_variant_proceeds
        PASS [   0.266s] (  18/1136) conductor-cli::bin/conductor render::tests::calibration_region_renders_hold_not_manual
        PASS [   0.262s] (  19/1136) conductor-cli::bin/conductor render::tests::color_is_enabled_only_when_every_condition_allows_it
        PASS [   0.262s] (  20/1136) conductor-cli::bin/conductor render::tests::coverage_summary_splits_the_in_scope_denominator
        PASS [   0.310s] (  21/1136) conductor-cli::cli_smoke run_with_unknown_target_is_a_sanitized_error_with_a_hint
        PASS [   0.269s] (  22/1136) conductor-cli::bin/conductor render::tests::coverage_surfaces_never_read_as_fail_or_blocked
        PASS [   0.197s] (  23/1136) conductor-cli::bin/conductor render::tests::each_lamp_carries_its_own_palette_code
        PASS [   0.274s] (  24/1136) conductor-cli::bin/conductor render::tests::coverage_table_renders_every_classified_pid
        PASS [   0.168s] (  25/1136) conductor-cli::bin/conductor render::tests::envelope_caption_colored_overlays_escapes_on_the_label
        PASS [   0.159s] (  26/1136) conductor-cli::bin/conductor render::tests::envelope_caption_is_absent_for_an_in_envelope_run
        PASS [   0.158s] (  27/1136) conductor-cli::bin/conductor render::tests::envelope_caption_is_not_painted_fail_or_blocked
        PASS [   0.155s] (  28/1136) conductor-cli::bin/conductor render::tests::envelope_caption_plain_keeps_the_label_without_escapes
        PASS [   0.147s] (  29/1136) conductor-cli::bin/conductor render::tests::error_block_colored_overlays_escapes_on_the_labels
        PASS [   0.128s] (  30/1136) conductor-cli::bin/conductor render::tests::error_block_plain_has_labels_without_escapes
        PASS [   0.120s] (  31/1136) conductor-cli::bin/conductor render::tests::hold_line_colored_overlays_escapes_on_the_prefix
        PASS [   0.100s] (  32/1136) conductor-cli::bin/conductor render::tests::hold_line_plain_keeps_prefix_without_escapes
        PASS [   0.103s] (  33/1136) conductor-cli::bin/conductor render::tests::only_the_out_of_scope_mode_cell_carries_the_residual_tint
        PASS [   0.103s] (  34/1136) conductor-cli::bin/conductor render::tests::out_of_scope_mode_cell_colored_overlays_the_residual_mute
        PASS [   0.108s] (  35/1136) conductor-cli::bin/conductor render::tests::out_of_scope_mode_cell_plain_keeps_its_label_without_escapes
        PASS [   0.102s] (  36/1136) conductor-cli::bin/conductor render::tests::renders_leak_no_host_paths_or_struct_names
        PASS [   0.391s] (  37/1136) conductor-cli::cli_smoke run_by_name_blocks_without_pulse_and_exits_zero
        PASS [   0.397s] (  38/1136) conductor-cli::cli_smoke suite_runs_the_catalog_and_exits_zero
        PASS [   0.412s] (  39/1136) conductor-cli::cli_smoke agent_mode_routes_self_obs_to_the_log_file_not_stderr
        PASS [   0.423s] (  40/1136) conductor-cli::cross_surface_parity path7_the_two_surfaces_write_an_equal_envelope_into_one_runs_db
        PASS [   0.425s] (  41/1136) conductor-cli::cli_smoke a_run_emits_the_scenario_run_root_and_the_report_seam_spans
        PASS [   0.441s] (  42/1136) conductor-cli::cli_smoke suite_filter_selects_the_matching_scenario_and_no_other
        PASS [   0.202s] (  43/1136) conductor-cli::bin/conductor render::tests::results_table_plain_shows_lamps_and_em_dashes_blocked
        PASS [   0.197s] (  44/1136) conductor-cli::bin/conductor render::tests::status_line_colored_overlays_escapes_on_the_prefix
        PASS [   0.509s] (  45/1136) conductor-cli::cli_smoke report_renders_the_latest_run
        PASS [   0.200s] (  46/1136) conductor-cli::bin/conductor render::tests::status_line_plain_keeps_prefix_without_escapes
        PASS [   0.198s] (  47/1136) conductor-cli::bin/conductor render::tests::the_coverage_roll_up_is_derived_from_the_classification
        PASS [   0.195s] (  48/1136) conductor-cli::bin/conductor render::tests::the_public_renders_carry_their_ascii_content
        PASS [   0.197s] (  49/1136) conductor-cli::bin/conductor render::tests::the_results_table_renders_every_measurement_cell
        PASS [   0.207s] (  50/1136) conductor-core capability_manifest::tests::accepts_only_ids_in_the_set
        PASS [   0.202s] (  51/1136) conductor-core capability_manifest::tests::load_failure_message_never_contains_the_path
        PASS [   0.539s] (  52/1136) conductor-cli::cli_smoke cleanup_removes_the_run_rows_and_reports_the_count
        PASS [   0.206s] (  53/1136) conductor-core capability_manifest::tests::loads_and_bounds_checks_the_committed_manifest
        PASS [   0.204s] (  54/1136) conductor-core capability_manifest::tests::missing_file_is_a_harness_fault
        PASS [   0.204s] (  55/1136) conductor-core capability_manifest::tests::rejects_a_malformed_or_duplicated_capability_id
        PASS [   0.203s] (  56/1136) conductor-core capability_manifest::tests::rejects_empty_version_date_or_set
        PASS [   0.202s] (  57/1136) conductor-core config_path::tests::accepts_an_in_scope_relative_path
        PASS [   0.202s] (  58/1136) conductor-core config_path::tests::rejects_an_out_of_scope_absolute_path
        PASS [   0.197s] (  59/1136) conductor-core config_path::tests::rejects_parent_dir_traversal
        PASS [   0.197s] (  60/1136) conductor-core coverage::tests::every_mode_is_represented
        PASS [   0.197s] (  61/1136) conductor-core coverage::tests::every_row_carries_a_title_and_category
        PASS [   0.584s] (  62/1136) conductor-cli::cli_smoke the_seed_handle_reaches_the_envelope_and_the_flag_beats_it
        PASS [   0.194s] (  63/1136) conductor-core coverage::tests::matrix_covers_every_accepted_capability
        PASS [   0.197s] (  64/1136) conductor-core coverage::tests::mode_label_matches_serde_wire
        PASS [   0.196s] (  65/1136) conductor-core coverage::tests::mode_round_trips_through_json
        PASS [   0.186s] (  66/1136) conductor-core coverage::tests::named_static_only_anchors_are_static_only
        PASS [   0.179s] (  67/1136) conductor-core coverage::tests::not_conductors_wire_spelling_is_stable
        PASS [   0.182s] (  68/1136) conductor-core coverage::tests::p_ids_are_well_formed_sorted_and_unique
        PASS [   0.170s] (  69/1136) conductor-core coverage::tests::the_in_lane_capabilities_are_classified_verifiable
        PASS [   0.119s] (  70/1136) conductor-core coverage::tests::the_out_of_remit_set_is_explicitly_enumerated
        PASS [   0.121s] (  71/1136) conductor-core drift::tests::a_classified_id_the_manifest_dropped_is_drift
        PASS [   0.116s] (  72/1136) conductor-core drift::tests::a_fully_backed_classification_with_an_empty_ledger_passes
        PASS [   0.119s] (  73/1136) conductor-core drift::tests::a_known_gap_entry_that_is_now_classified_is_drift
        PASS [   0.120s] (  74/1136) conductor-core drift::tests::a_ledger_entry_a_scenario_now_names_is_a_fault
        PASS [   0.120s] (  75/1136) conductor-core drift::tests::a_ledger_entry_no_longer_auto_classified_is_a_fault
        PASS [   0.120s] (  76/1136) conductor-core drift::tests::an_accepted_id_outside_the_known_gap_is_drift
        PASS [   0.112s] (  77/1136) conductor-core drift::tests::backing_message_names_identity_without_host_paths_or_type_names
        PASS [   0.116s] (  78/1136) conductor-core drift::tests::an_auto_row_with_no_scenario_outside_the_ledger_is_a_fault
        PASS [   0.118s] (  79/1136) conductor-core drift::tests::committed_artifacts_match_the_known_gap
        PASS [   0.118s] (  80/1136) conductor-core drift::tests::drift_message_is_byte_identical_for_identical_inputs
        PASS [   0.119s] (  81/1136) conductor-core drift::tests::drift_message_names_identity_without_host_paths_or_type_names
        PASS [   0.118s] (  82/1136) conductor-core drift::tests::in_sync_with_an_empty_known_gap_passes
        PASS [   0.118s] (  83/1136) conductor-core drift::tests::only_auto_rows_need_scenario_backing
        PASS [   0.118s] (  84/1136) conductor-core error::tests::config_error_displays_its_message
        PASS [   0.119s] (  85/1136) conductor-core error::tests::garde_report_becomes_a_validation_fault
        PASS [   0.128s] (  86/1136) conductor-core drift::tests::the_committed_catalog_matches_the_unbacked_ledger
        PASS [   0.118s] (  87/1136) conductor-core error::tests::result_alias_carries_outcomes_in_ok
        PASS [   0.118s] (  88/1136) conductor-core expected::tests::a_declared_budget_overrides_the_tier
        PASS [   0.118s] (  89/1136) conductor-core expected::tests::a_zero_or_over_ceiling_budget_is_rejected_but_the_bounds_are_accepted
        PASS [   0.123s] (  90/1136) conductor-core expected::tests::an_absent_budget_falls_back_to_the_scenario_tier
        PASS [   0.224s] (  91/1136) conductor-core expected::tests::budget_round_trips_through_json_and_defaults_absent
        PASS [   0.223s] (  92/1136) conductor-core expected::tests::claim_class_serializes_to_canonical_names
        PASS [   0.223s] (  93/1136) conductor-core expected::tests::comparison_kind_serializes_to_canonical_names
        PASS [   0.223s] (  94/1136) conductor-core expected::tests::empty_expected_target_is_rejected
        PASS [   0.223s] (  95/1136) conductor-core expected::tests::round_trips_through_json
        PASS [   0.223s] (  96/1136) conductor-core expected::tests::the_budget_ceiling_derives_from_the_ladder_not_a_literal
        PASS [   0.223s] (  97/1136) conductor-core expected::tests::well_formed_check_validates
        PASS [   0.223s] (  98/1136) conductor-core lamp::tests::blocked_constructor_lamps_blocked
        PASS [   0.223s] (  99/1136) conductor-core lamp::tests::prefix_and_label_cover_all_six
        PASS [   0.223s] ( 100/1136) conductor-core lamp::tests::verdict_first_maps_pass_fail_hold
        PASS [   0.018s] ( 101/1136) conductor-core load_envelope::tests::the_gate_and_the_per_run_judgment_agree_across_the_committed_catalog
        PASS [   0.223s] ( 102/1136) conductor-core lamp::tests::verdict_less_manual_check_is_manual_not_hold
        PASS [   0.224s] ( 103/1136) conductor-core load_envelope::tests::a_ledger_entry_no_scenario_names_is_a_fault
        PASS [   0.224s] ( 104/1136) conductor-core load_envelope::tests::a_ledger_entry_now_inside_the_envelope_is_a_fault
        PASS [   0.224s] ( 105/1136) conductor-core load_envelope::tests::a_phase_exactly_at_the_storm_ceiling_is_inside_the_envelope
        PASS [   0.223s] ( 106/1136) conductor-core load_envelope::tests::a_silence_phase_is_never_storm_however_long_it_runs
        PASS [   0.223s] ( 107/1136) conductor-core load_envelope::tests::a_zero_length_emitting_phase_is_an_unbounded_rate
        PASS [   0.222s] ( 108/1136) conductor-core load_envelope::tests::an_emitting_phase_faster_than_the_rate_term_is_a_breach
        PASS [   0.223s] ( 109/1136) conductor-core load_envelope::tests::an_in_envelope_catalog_with_an_empty_ledger_passes
        PASS [   0.223s] ( 110/1136) conductor-core load_envelope::tests::an_over_envelope_scenario_outside_the_ledger_is_a_fault
        PASS [   0.218s] ( 111/1136) conductor-core load_envelope::tests::classify_cause_carries_no_host_path_or_type_name
        PASS [   0.218s] ( 112/1136) conductor-core load_envelope::tests::classify_returns_a_value_never_an_error
        PASS [   0.222s] ( 113/1136) conductor-core load_envelope::tests::duration_is_the_sum_of_phase_gaps
        PASS [   0.224s] ( 114/1136) conductor-core load_envelope::tests::envelope_message_names_identity_without_host_paths_or_type_names
        PASS [   0.224s] ( 115/1136) conductor-core load_envelope::tests::envelope_status_round_trips_its_wire_form
        PASS [   0.224s] ( 116/1136) conductor-core load_envelope::tests::every_committed_scenario_points_authors_at_the_envelope
        PASS [   0.223s] ( 117/1136) conductor-core load_envelope::tests::load_failure_message_never_contains_the_path
        PASS [   0.123s] ( 118/1136) conductor-core load_envelope::tests::loads_and_bounds_checks_the_committed_envelope
        PASS [   0.124s] ( 119/1136) conductor-core load_envelope::tests::missing_file_is_a_harness_fault
        PASS [   0.124s] ( 120/1136) conductor-core load_envelope::tests::rejects_a_reasonless_or_duplicated_exemption
        PASS [   0.124s] ( 121/1136) conductor-core load_envelope::tests::rejects_a_zero_term
        PASS [   0.124s] ( 122/1136) conductor-core load_envelope::tests::rejects_empty_identity_or_provenance
        PASS [   0.339s] ( 123/1136) conductor-core lamp::tests::known_residual_and_blocked_are_state_driven_over_verdict
        PASS [   0.125s] ( 124/1136) conductor-core load_envelope::tests::the_rate_bound_is_exclusive_at_its_boundary
        PASS [   0.134s] ( 125/1136) conductor-core load_envelope::tests::the_committed_catalog_matches_the_committed_envelope
        PASS [   0.121s] ( 126/1136) conductor-core load_envelope::tests::the_storm_window_is_the_longest_emitting_phase_not_the_sum_of_them
        PASS [   0.121s] ( 127/1136) conductor-core obs::tests::a_child_span_records_its_parent_so_the_tree_reconstructs
        PASS [   0.125s] ( 128/1136) conductor-core obs::tests::a_host_path_in_a_span_attribute_is_redacted
        PASS [   0.126s] ( 129/1136) conductor-core obs::tests::a_non_allowlisted_fault_attribute_is_still_dropped
        PASS [   0.126s] ( 130/1136) conductor-core obs::tests::a_non_allowlisted_span_attribute_is_dropped
        PASS [   0.126s] ( 131/1136) conductor-core obs::tests::a_span_emits_new_and_close_records_carrying_its_attributes
        PASS [   0.126s] ( 132/1136) conductor-core obs::tests::civil_from_unix_holds_at_the_era_boundaries::case_1_epoch
        PASS [   0.126s] ( 133/1136) conductor-core obs::tests::civil_from_unix_holds_at_the_era_boundaries::case_2_last_second_of_1999
        PASS [   0.126s] ( 134/1136) conductor-core obs::tests::civil_from_unix_holds_at_the_era_boundaries::case_3_era_last_day
        PASS [   0.126s] ( 135/1136) conductor-core obs::tests::civil_from_unix_holds_at_the_era_boundaries::case_4_era_first_day
        PASS [   0.126s] ( 136/1136) conductor-core obs::tests::civil_from_unix_holds_at_the_era_boundaries::case_5_before_the_century_day
        PASS [   0.126s] ( 137/1136) conductor-core obs::tests::civil_from_unix_holds_at_the_era_boundaries::case_6_century_day
        PASS [   0.126s] ( 138/1136) conductor-core obs::tests::civil_from_unix_holds_at_the_era_boundaries::case_7_next_era_last_day
        PASS [   0.126s] ( 139/1136) conductor-core obs::tests::civil_from_unix_known_values
        PASS [   0.126s] ( 140/1136) conductor-core obs::tests::every_line_is_flat_json_with_identity_and_run_id
        PASS [   0.126s] ( 141/1136) conductor-core obs::tests::file_sink_falls_back_to_stderr_when_unopenable
        PASS [   0.133s] ( 142/1136) conductor-core obs::tests::file_sink_writes_redacted_json_to_the_file
        PASS [   0.148s] ( 143/1136) conductor-core obs::tests::host_path_in_allowlisted_field_is_redacted
        PASS [   0.148s] ( 144/1136) conductor-core obs::tests::mint_run_id_is_filesystem_safe_shape
        PASS [   0.147s] ( 145/1136) conductor-core obs::tests::non_allowlisted_field_is_dropped
        PASS [   0.148s] ( 146/1136) conductor-core obs::tests::now_rfc3339_is_colon_delimited_z_shape
        PASS [   0.148s] ( 147/1136) conductor-core obs::tests::panic_hook_emits_one_error_line
        PASS [   0.250s] ( 148/1136) conductor-core obs::tests::panic_hook_redacts_host_path_in_payload
        PASS [   0.249s] ( 149/1136) conductor-core obs::tests::service_name_honors_env_override
        PASS [   0.245s] ( 150/1136) conductor-core obs::tests::the_fault_spans_carry_their_specified_attributes_past_the_allowlist
        PASS [   0.243s] ( 151/1136) conductor-core pause::tests::decision_labels_are_stable
        PASS [   0.248s] ( 152/1136) conductor-core pause::tests::decision_round_trips_through_json
        PASS [   0.248s] ( 153/1136) conductor-core pause::tests::decision_serializes_to_canonical_names
        PASS [   0.248s] ( 154/1136) conductor-core pause::tests::empty_prompt_is_rejected
        PASS [   0.248s] ( 155/1136) conductor-core pause::tests::empty_scenario_and_step_are_rejected
        PASS [   0.249s] ( 156/1136) conductor-core pause::tests::headless_constructors_carry_decision
        PASS [   0.250s] ( 157/1136) conductor-core pause::tests::hold_point_round_trips_through_json
        PASS [   0.250s] ( 158/1136) conductor-core pause::tests::malformed_p_id_is_rejected_via_dive
        PASS [   0.251s] ( 159/1136) conductor-core pause::tests::well_formed_hold_point_validates
        PASS [   0.251s] ( 160/1136) conductor-core phase_spec::tests::a_fault_phase_that_emits_is_rejected_by_the_silence_invariant
        PASS [   0.251s] ( 161/1136) conductor-core phase_spec::tests::a_fault_table_parses_to_the_declared_kind
        PASS [   0.252s] ( 162/1136) conductor-core phase_spec::tests::a_phase_with_no_emission_table_keeps_the_default
        PASS [   0.252s] ( 163/1136) conductor-core phase_spec::tests::a_rate_curve_bounds_its_window_counts_not_its_window_number
        PASS [   0.252s] ( 164/1136) conductor-core phase_spec::tests::a_shape_round_trips_through_its_flattened_toml_form
        PASS [   0.252s] ( 165/1136) conductor-core phase_spec::tests::an_unknown_fault_kind_is_rejected_at_parse
        PASS [   0.252s] ( 166/1136) conductor-core phase_spec::tests::emission_defaults_to_one_plain_occurrence
        PASS [   0.252s] ( 167/1136) conductor-core phase_spec::tests::emission_defaults_to_traces
        PASS [   0.252s] ( 168/1136) conductor-core phase_spec::tests::empty_phase_name_is_rejected
        PASS [   0.245s] ( 169/1136) conductor-core phase_spec::tests::every_shape_bounds_the_records_its_dispatcher_arm_emits
        PASS [   0.229s] ( 170/1136) conductor-core phase_spec::tests::gap_bound_is_enforced
        PASS [   0.230s] ( 171/1136) conductor-core phase_spec::tests::occurrence_bound_is_enforced
        PASS [   0.229s] ( 172/1136) conductor-core phase_spec::tests::phase_name_length_boundary
        PASS [   0.230s] ( 173/1136) conductor-core phase_spec::tests::signal_serializes_snake_case
        PASS [   0.229s] ( 174/1136) conductor-core phase_spec::tests::the_bound_is_per_dispatch_and_independent_of_occurrences
        PASS [   0.128s] ( 175/1136) conductor-core phase_spec::tests::unrealizable_shapes_are_rejected_at_load
        PASS [   0.129s] ( 176/1136) conductor-core phase_spec::tests::well_formed_phase_validates
        PASS [   0.129s] ( 177/1136) conductor-core phase_spec::tests::well_formed_shapes_validate
        PASS [   0.130s] ( 178/1136) conductor-core preconditions::tests::a_single_undeclared_handle_is_named_individually::case_1
        PASS [   0.130s] ( 179/1136) conductor-core preconditions::tests::a_single_undeclared_handle_is_named_individually::case_2
        PASS [   0.130s] ( 180/1136) conductor-core preconditions::tests::a_single_undeclared_handle_is_named_individually::case_3
        PASS [   0.129s] ( 181/1136) conductor-core preconditions::tests::a_status_built_from_unmet_round_trips
        PASS [   0.129s] ( 182/1136) conductor-core preconditions::tests::an_unrelated_declared_name_satisfies_nothing
        PASS [   0.129s] ( 183/1136) conductor-core preconditions::tests::each_subject_fails_alone_while_the_others_pass::case_1
        PASS [   0.128s] ( 184/1136) conductor-core preconditions::tests::each_subject_fails_alone_while_the_others_pass::case_2
        PASS [   0.128s] ( 185/1136) conductor-core preconditions::tests::each_subject_fails_alone_while_the_others_pass::case_3
        PASS [   0.128s] ( 186/1136) conductor-core preconditions::tests::either_side_reads_pulse_truthy_set_as_declared::case_01
        PASS [   0.128s] ( 187/1136) conductor-core preconditions::tests::either_side_reads_pulse_truthy_set_as_declared::case_02
        PASS [   0.128s] ( 188/1136) conductor-core preconditions::tests::either_side_reads_pulse_truthy_set_as_declared::case_03
        PASS [   0.128s] ( 189/1136) conductor-core preconditions::tests::either_side_reads_pulse_truthy_set_as_declared::case_04
        PASS [   0.128s] ( 190/1136) conductor-core preconditions::tests::either_side_reads_pulse_truthy_set_as_declared::case_05
        PASS [   0.128s] ( 191/1136) conductor-core preconditions::tests::either_side_reads_pulse_truthy_set_as_declared::case_06
        PASS [   0.128s] ( 192/1136) conductor-core preconditions::tests::either_side_reads_pulse_truthy_set_as_declared::case_07
        PASS [   0.128s] ( 193/1136) conductor-core preconditions::tests::either_side_reads_pulse_truthy_set_as_declared::case_08
        PASS [   0.128s] ( 194/1136) conductor-core preconditions::tests::either_side_reads_pulse_truthy_set_as_declared::case_09
        PASS [   0.127s] ( 195/1136) conductor-core preconditions::tests::either_side_reads_pulse_truthy_set_as_declared::case_10
        PASS [   0.128s] ( 196/1136) conductor-core preconditions::tests::either_side_reads_pulse_truthy_set_as_declared::case_11
        PASS [   0.128s] ( 197/1136) conductor-core preconditions::tests::either_side_reads_pulse_truthy_set_as_declared::case_12
        PASS [   0.128s] ( 198/1136) conductor-core preconditions::tests::evaluate_is_the_deterministic_posture_on_every_observation_shape
        PASS [   0.127s] ( 199/1136) conductor-core preconditions::tests::every_non_path_name_delegates_to_the_flag_rule::case_1
        PASS [   0.127s] ( 200/1136) conductor-core preconditions::tests::every_non_path_name_delegates_to_the_flag_rule::case_2
        PASS [   0.127s] ( 201/1136) conductor-core preconditions::tests::every_non_path_name_delegates_to_the_flag_rule::case_3
        PASS [   0.127s] ( 202/1136) conductor-core preconditions::tests::every_subject_carries_a_distinct_stable_id
        PASS [   0.127s] ( 203/1136) conductor-core preconditions::tests::every_subject_satisfied_is_a_satisfied_status
        PASS [   0.127s] ( 204/1136) conductor-core preconditions::tests::flag_declared_accepts_only_an_affirmative_value::case_01
        PASS [   0.231s] ( 205/1136) conductor-core preconditions::tests::flag_declared_accepts_only_an_affirmative_value::case_02
        PASS [   0.231s] ( 206/1136) conductor-core preconditions::tests::flag_declared_accepts_only_an_affirmative_value::case_03
        PASS [   0.231s] ( 207/1136) conductor-core preconditions::tests::flag_declared_accepts_only_an_affirmative_value::case_04
        PASS [   0.231s] ( 208/1136) conductor-core preconditions::tests::flag_declared_accepts_only_an_affirmative_value::case_05
        PASS [   0.231s] ( 209/1136) conductor-core preconditions::tests::flag_declared_accepts_only_an_affirmative_value::case_06
        PASS [   0.231s] ( 210/1136) conductor-core preconditions::tests::flag_declared_accepts_only_an_affirmative_value::case_07
        PASS [   0.231s] ( 211/1136) conductor-core preconditions::tests::flag_declared_accepts_only_an_affirmative_value::case_08
        PASS [   0.230s] ( 212/1136) conductor-core preconditions::tests::flag_declared_accepts_only_an_affirmative_value::case_09
        PASS [   0.231s] ( 213/1136) conductor-core preconditions::tests::flag_declared_accepts_only_an_affirmative_value::case_10
        PASS [   0.231s] ( 214/1136) conductor-core preconditions::tests::flag_declared_accepts_only_an_affirmative_value::case_11
        PASS [   0.230s] ( 215/1136) conductor-core preconditions::tests::flag_declared_accepts_only_an_affirmative_value::case_12
        PASS [   0.230s] ( 216/1136) conductor-core preconditions::tests::handle_declared_for_changes_only_the_l4_handle_under_real_model
        PASS [   0.231s] ( 217/1136) conductor-core preconditions::tests::no_finding_carries_a_host_path_or_an_env_value
        PASS [   0.231s] ( 218/1136) conductor-core preconditions::tests::real_model_still_requires_the_other_handles_and_names_both_kinds_of_miss
        PASS [   0.230s] ( 219/1136) conductor-core preconditions::tests::real_model_with_l4_absent_and_the_others_declared_is_satisfied
        PASS [   0.230s] ( 220/1136) conductor-core preconditions::tests::real_model_with_l4_declared_is_unmet_naming_it_alone
        PASS [   0.230s] ( 221/1136) conductor-core preconditions::tests::the_absence_graded_name_is_one_the_probe_observes
        PASS [   0.230s] ( 222/1136) conductor-core preconditions::tests::the_default_observation_is_unmet_on_every_subject
        PASS [   0.230s] ( 223/1136) conductor-core preconditions::tests::the_observed_handle_set_is_pinned
        PASS [   0.230s] ( 224/1136) conductor-core preconditions::tests::the_path_handle_is_graded_by_presence::case_1
        PASS [   0.230s] ( 225/1136) conductor-core preconditions::tests::the_path_handle_is_graded_by_presence::case_2
        PASS [   0.230s] ( 226/1136) conductor-core preconditions::tests::the_path_handle_is_graded_by_presence::case_3
        PASS [   0.230s] ( 227/1136) conductor-core preconditions::tests::the_path_handle_is_graded_by_presence::case_4
        PASS [   0.230s] ( 228/1136) conductor-core preconditions::tests::the_path_handle_is_graded_by_presence::case_5
        PASS [   0.230s] ( 229/1136) conductor-core preconditions::tests::the_path_handle_is_graded_by_presence::case_6
        PASS [   0.230s] ( 230/1136) conductor-core preconditions::tests::the_path_handle_is_graded_by_presence::case_7
        PASS [   0.231s] ( 231/1136) conductor-core preconditions::tests::the_path_handle_is_graded_by_presence::case_8
        PASS [   0.125s] ( 232/1136) conductor-core preconditions::tests::the_presence_graded_name_is_one_the_probe_observes
        PASS [   0.126s] ( 233/1136) conductor-core preconditions::tests::the_two_grading_rules_are_not_interchangeable
        PASS [   0.126s] ( 234/1136) conductor-core preconditions::tests::undeclared_handles_are_reported_in_observed_order
        PASS [   0.126s] ( 235/1136) conductor-core preconditions::tests::yes_separates_the_two_truthy_sets
        PASS [   0.126s] ( 236/1136) conductor-core redact::tests::allowlist_membership
        PASS [   0.127s] ( 237/1136) conductor-core redact::tests::benign_value_is_borrowed_unchanged
        PASS [   0.128s] ( 238/1136) conductor-core redact::tests::cargo_and_env_expansion_paths_are_masked
        PASS [   0.128s] ( 239/1136) conductor-core redact::tests::module_and_type_names_are_not_over_redacted
        PASS [   0.129s] ( 240/1136) conductor-core redact::tests::posix_home_paths_are_masked
        PASS [   0.130s] ( 241/1136) conductor-core redact::tests::repo_relative_source_path_is_kept
        PASS [   0.130s] ( 242/1136) conductor-core redact::tests::sanitize_error_is_single_line_and_host_path_free
        PASS [   0.130s] ( 243/1136) conductor-core redact::tests::windows_absolute_host_path_is_masked
        PASS [   0.130s] ( 244/1136) conductor-core report_state::tests::prefixes_cover_all_five_states
        PASS [   0.130s] ( 245/1136) conductor-core report_state::tests::round_trips_through_json
        PASS [   0.130s] ( 246/1136) conductor-core report_state::tests::serializes_to_canonical_names
        PASS [   0.130s] ( 247/1136) conductor-core run_contract::tests::a_posture_tagged_term_binds_only_under_its_posture
        PASS [   0.130s] ( 248/1136) conductor-core run_contract::tests::a_satisfied_status_names_nothing
        PASS [   0.130s] ( 249/1136) conductor-core run_contract::tests::an_over_envelope_budget_is_a_harness_fault
        PASS [   0.131s] ( 250/1136) conductor-core run_contract::tests::an_unmet_term_carries_its_statement_and_causes
        PASS [   0.130s] ( 251/1136) conductor-core run_contract::tests::each_shell_kind_is_graded_against_the_declaration_set
        PASS [   0.130s] ( 252/1136) conductor-core run_contract::tests::load_failure_message_never_contains_the_path
        PASS [   0.130s] ( 253/1136) conductor-core run_contract::tests::loads_and_bounds_checks_the_committed_contract
        PASS [   0.129s] ( 254/1136) conductor-core run_contract::tests::missing_file_is_a_harness_fault
        PASS [   0.129s] ( 255/1136) conductor-core run_contract::tests::observed_env_names_each_handle_once_across_both_shell_kinds
        PASS [   0.129s] ( 256/1136) conductor-core run_contract::tests::only_a_shell_term_can_be_unmet
        PASS [   0.128s] ( 257/1136) conductor-core run_contract::tests::rejects_a_duplicate_term_id_or_a_zero_poll_floor
        PASS [   0.128s] ( 258/1136) conductor-core run_contract::tests::rejects_a_shell_term_naming_no_env_var
        PASS [   0.129s] ( 259/1136) conductor-core run_contract::tests::rejects_empty_identity_or_terms
        PASS [   0.129s] ( 260/1136) conductor-core run_contract::tests::the_committed_contract_grades_the_l4_handle_by_posture
        PASS [   0.129s] ( 261/1136) conductor-core run_contract::tests::the_committed_preflight_budget_stays_inside_the_committed_load_envelope
        PASS [   0.228s] ( 262/1136) conductor-core run_contract::tests::the_posture_wire_forms_are_kebab_case_and_default_deterministic
        PASS [   0.227s] ( 263/1136) conductor-core run_contract::tests::the_two_l4_terms_bind_under_opposite_postures
        PASS [   0.226s] ( 264/1136) conductor-core run_journal::tests::a_line_matching_neither_shape_reports_the_envelope_s_missing_field
        PASS [   0.225s] ( 265/1136) conductor-core run_journal::tests::classify_journal_line_tells_the_two_registered_shapes_apart
        PASS [   0.225s] ( 266/1136) conductor-core run_journal::tests::latest_run_id_is_none_for_absent_dir
        PASS [   0.226s] ( 267/1136) conductor-core run_journal::tests::latest_run_id_picks_the_greatest_jsonl_stem_ignoring_non_journals
        PASS [   0.229s] ( 268/1136) conductor-core run_journal::tests::read_run_journal_malformed_line_is_a_harness_fault
        PASS [   0.224s] ( 269/1136) conductor-core run_journal::tests::read_run_journal_missing_file_is_a_harness_fault
        PASS [   0.229s] ( 270/1136) conductor-core run_journal::tests::read_run_journal_parses_records_in_order_and_skips_blank_lines
        PASS [   0.224s] ( 271/1136) conductor-core run_record::tests::blocked_record_nulls_the_five_measurement_fields
        PASS [   0.229s] ( 272/1136) conductor-core run_journal::tests::read_run_journal_returns_envelopes_and_skips_the_check_records_beside_them
        PASS [   0.224s] ( 273/1136) conductor-core run_record::tests::measured_record_populates_the_five_measurement_fields
        PASS [   0.224s] ( 274/1136) conductor-core run_record::tests::measured_record_serializes_in_canonical_schema_order
        PASS [   0.225s] ( 275/1136) conductor-core run_record::tests::round_trips_through_json
        PASS [   0.225s] ( 276/1136) conductor-core run_record::tests::serialization_is_deterministic
        PASS [   0.225s] ( 277/1136) conductor-core scenario::tests::a_budget_above_its_tier_is_a_harness_fault_naming_the_check::case_1
        PASS [   0.225s] ( 278/1136) conductor-core scenario::tests::a_budget_above_its_tier_is_a_harness_fault_naming_the_check::case_2
        PASS [   0.226s] ( 279/1136) conductor-core scenario::tests::a_budget_above_its_tier_is_a_harness_fault_naming_the_check::case_3
        PASS [   0.225s] ( 280/1136) conductor-core scenario::tests::a_budget_above_its_tier_is_a_harness_fault_naming_the_check::case_4
        PASS [   0.225s] ( 281/1136) conductor-core scenario::tests::a_budget_at_or_under_its_tier_is_accepted::case_1
        PASS [   0.226s] ( 282/1136) conductor-core scenario::tests::a_budget_at_or_under_its_tier_is_accepted::case_2
        PASS [   0.226s] ( 283/1136) conductor-core scenario::tests::a_budget_at_or_under_its_tier_is_accepted::case_3
        PASS [   0.226s] ( 284/1136) conductor-core scenario::tests::a_budget_at_or_under_its_tier_is_accepted::case_4
        PASS [   0.225s] ( 285/1136) conductor-core scenario::tests::a_budget_at_or_under_its_tier_is_accepted::case_5
        PASS [   0.225s] ( 286/1136) conductor-core scenario::tests::a_fault_phase_that_emits_is_rejected_at_scenario_level
        PASS [   0.225s] ( 287/1136) conductor-core scenario::tests::a_within_tier_budget_survives_the_toml_round_trip
        PASS [   0.225s] ( 288/1136) conductor-core scenario::tests::ack_cooldown_keeps_its_drive_shape_on_record
        PASS [   0.127s] ( 289/1136) conductor-core scenario::tests::activity_floor_and_silence_fixtures_load_and_validate::case_1
        PASS [   2.076s] ( 290/1136) conductor-cli::cli_smoke preconditions_names_every_subject_it_reports
        PASS [   0.142s] ( 291/1136) conductor-core scenario::tests::activity_floor_and_silence_fixtures_load_and_validate::case_2
        PASS [   0.143s] ( 292/1136) conductor-core scenario::tests::an_unknown_l4_posture_is_a_load_time_harness_fault
        PASS [   0.142s] ( 293/1136) conductor-core scenario::tests::capability_membership_is_checked_against_the_manifest
        PASS [   0.143s] ( 294/1136) conductor-core scenario::tests::committed_fixture_loads_and_validates
        PASS [   0.141s] ( 295/1136) conductor-core scenario::tests::connection_lifecycle_fixtures_are_declare_only_at_the_harvest_tier::case_1
        PASS [   0.138s] ( 296/1136) conductor-core scenario::tests::connection_lifecycle_fixtures_are_declare_only_at_the_harvest_tier::case_2
        PASS [   0.142s] ( 297/1136) conductor-core scenario::tests::connection_lifecycle_fixtures_are_declare_only_at_the_harvest_tier::case_3
        PASS [   0.136s] ( 298/1136) conductor-core scenario::tests::connection_lifecycle_fixtures_are_declare_only_at_the_harvest_tier::case_4
        PASS [   0.137s] ( 299/1136) conductor-core scenario::tests::constellation_and_p032_are_operator_checklist_declare_only::case_1
        PASS [   0.141s] ( 300/1136) conductor-core scenario::tests::constellation_and_p032_are_operator_checklist_declare_only::case_2
        PASS [   0.141s] ( 301/1136) conductor-core scenario::tests::constellation_and_p032_are_operator_checklist_declare_only::case_3
        PASS [   0.141s] ( 302/1136) conductor-core scenario::tests::constellation_and_p032_are_operator_checklist_declare_only::case_4
        PASS [   0.141s] ( 303/1136) conductor-core scenario::tests::constellation_context_grounding_fixtures_load_and_validate::case_1
        PASS [   0.141s] ( 304/1136) conductor-core scenario::tests::constellation_context_grounding_fixtures_load_and_validate::case_2
        PASS [   0.141s] ( 305/1136) conductor-core scenario::tests::constellation_context_grounding_fixtures_load_and_validate::case_3
        PASS [   0.140s] ( 306/1136) conductor-core scenario::tests::constellation_context_grounding_fixtures_load_and_validate::case_4
        PASS [   0.141s] ( 307/1136) conductor-core scenario::tests::constellation_context_grounding_fixtures_load_and_validate::case_5
        PASS [   0.142s] ( 308/1136) conductor-core scenario::tests::constellation_context_grounding_suite_is_uniformly_declare_only
        PASS [   0.141s] ( 309/1136) conductor-core scenario::tests::constellation_severity_live_wiring_is_declare_only_after_the_empty_span_refs_finding
        PASS [   0.141s] ( 310/1136) conductor-core scenario::tests::cross_incident_recurrence_is_declare_only_after_the_token_case_finding
        PASS [   0.141s] ( 311/1136) conductor-core scenario::tests::duplicate_p_ids_are_rejected
        PASS [   0.141s] ( 312/1136) conductor-core scenario::tests::empty_name_is_rejected
        PASS [   0.141s] ( 313/1136) conductor-core scenario::tests::empty_p_ids_is_rejected
        PASS [   0.141s] ( 314/1136) conductor-core scenario::tests::empty_phases_is_rejected
        PASS [   0.140s] ( 315/1136) conductor-core scenario::tests::expected_check_with_empty_target_is_rejected_via_dive
        PASS [   0.140s] ( 316/1136) conductor-core scenario::tests::expected_checks_round_trip_through_json
        PASS [   0.150s] ( 317/1136) conductor-core scenario::tests::every_committed_scenario_but_the_real_model_one_loads_deterministic
        PASS [   0.136s] ( 318/1136) conductor-core scenario::tests::expected_defaults_to_empty_when_omitted
        PASS [   0.130s] ( 319/1136) conductor-core scenario::tests::findings_counter_and_threshold_reload_are_both_declare_only
        PASS [   2.221s] ( 320/1136) conductor-cli::cli_smoke preconditions_for_a_real_model_scenario_does_not_name_an_absent_l4_handle
        PASS [   2.267s] ( 321/1136) conductor-cli::cli_smoke preconditions_for_a_real_model_scenario_refuses_a_declared_l4_handle
        PASS [   2.281s] ( 322/1136) conductor-cli::cli_smoke preconditions_json_is_parseable_and_carries_the_checked_at_stamp
        PASS [   0.235s] ( 323/1136) conductor-core scenario::tests::fingerprint_scenarios_are_declare_only_after_the_degraded_read_back_finding::case_1
        PASS [   0.235s] ( 324/1136) conductor-core scenario::tests::fingerprint_scenarios_are_declare_only_after_the_degraded_read_back_finding::case_2
        PASS [   0.235s] ( 325/1136) conductor-core scenario::tests::fingerprint_scenarios_carry_the_recalibrated_tier::case_1
        PASS [   0.235s] ( 326/1136) conductor-core scenario::tests::fingerprint_scenarios_carry_the_recalibrated_tier::case_2
        PASS [   0.235s] ( 327/1136) conductor-core scenario::tests::fingerprint_storm_fixtures_load_and_validate::case_1
        PASS [   0.236s] ( 328/1136) conductor-core scenario::tests::fingerprint_storm_fixtures_load_and_validate::case_2
        PASS [   0.236s] ( 329/1136) conductor-core scenario::tests::from_toml_str_parses_an_expected_block
        PASS [   0.236s] ( 330/1136) conductor-core scenario::tests::from_toml_str_parses_and_validates
        PASS [   0.236s] ( 331/1136) conductor-core scenario::tests::from_toml_str_rejects_invalid_scenario_as_validation_error
        PASS [   0.236s] ( 332/1136) conductor-core scenario::tests::from_toml_str_rejects_malformed_toml_as_config_error
        PASS [   0.237s] ( 333/1136) conductor-core scenario::tests::from_toml_str_with_accepts_an_in_manifest_id_and_rejects_an_absent_one
        PASS [   0.237s] ( 334/1136) conductor-core scenario::tests::hard_signal_declare_only_fixtures_load_and_validate::case_1
        PASS [   0.237s] ( 335/1136) conductor-core scenario::tests::hard_signal_declare_only_fixtures_load_and_validate::case_2
        PASS [   0.236s] ( 336/1136) conductor-core scenario::tests::hard_signal_fixtures_load_and_validate::case_1
        PASS [   0.237s] ( 337/1136) conductor-core scenario::tests::hard_signal_fixtures_load_and_validate::case_2
        PASS [   0.236s] ( 338/1136) conductor-core scenario::tests::in_lane_drive_observe_members_are_operator_checklist::case_1
        PASS [   0.236s] ( 339/1136) conductor-core scenario::tests::in_lane_drive_observe_members_are_operator_checklist::case_2
        PASS [   0.237s] ( 340/1136) conductor-core scenario::tests::in_lane_sut_fixtures_load_and_validate::case_1
        PASS [   0.237s] ( 341/1136) conductor-core scenario::tests::in_lane_sut_fixtures_load_and_validate::case_2
        PASS [   0.238s] ( 342/1136) conductor-core scenario::tests::in_lane_sut_fixtures_load_and_validate::case_3
        PASS [   0.238s] ( 343/1136) conductor-core scenario::tests::in_lane_sut_suite_is_uniformly_declare_only
        PASS [   0.238s] ( 344/1136) conductor-core scenario::tests::incident_auto_resolution_drives_a_reachable_lifecycle
        PASS [   0.237s] ( 345/1136) conductor-core scenario::tests::invalid_phase_is_rejected_via_dive
        PASS [   0.232s] ( 346/1136) conductor-core scenario::tests::malformed_p_ids_fail_the_shape_check
        PASS [   0.232s] ( 347/1136) conductor-core scenario::tests::over_bound_jitter_is_rejected
        PASS [   0.237s] ( 348/1136) conductor-core scenario::tests::p007_high_severity_log_capture_is_declare_only_with_the_measurement_recorded
        PASS [   0.236s] ( 349/1136) conductor-core scenario::tests::p008_root_span_error_scope_checks_are_calibration_region
        PASS [   0.236s] ( 350/1136) conductor-core scenario::tests::pii_scrub_is_declare_only_with_the_measurement_recorded
        PASS [   0.238s] ( 351/1136) conductor-core scenario::tests::pulse_run_contract_is_declare_only_after_the_empty_span_refs_finding
        PASS [   0.196s] ( 352/1136) conductor-core scenario::tests::real_model_interpretation_declares_the_known_cause_under_the_real_model_posture
        PASS [   0.186s] ( 353/1136) conductor-core scenario::tests::receiver_failed_port_conflict_declares_the_occupier_fault
        PASS [   0.144s] ( 354/1136) conductor-core scenario::tests::report_surface_cadence_degraded_are_declare_only::case_1
        PASS [   0.144s] ( 355/1136) conductor-core scenario::tests::report_surface_cadence_degraded_are_declare_only::case_2
        PASS [   0.144s] ( 356/1136) conductor-core scenario::tests::report_surface_cadence_degraded_are_declare_only::case_3
        PASS [   0.144s] ( 357/1136) conductor-core scenario::tests::restart_suppression_is_declare_only_at_the_harvest_tier
        PASS [   0.143s] ( 358/1136) conductor-core scenario::tests::scenario_round_trips_with_p_ids_as_bare_strings
        PASS [   0.143s] ( 359/1136) conductor-core scenario::tests::scrub_pipeline_degraded_fixtures_load_and_validate::case_1
        PASS [   0.143s] ( 360/1136) conductor-core scenario::tests::scrub_pipeline_degraded_fixtures_load_and_validate::case_2
        PASS [   0.142s] ( 361/1136) conductor-core scenario::tests::scrub_pipeline_degraded_fixtures_load_and_validate::case_3
        PASS [   0.142s] ( 362/1136) conductor-core scenario::tests::scrub_pipeline_degraded_fixtures_load_and_validate::case_4
        PASS [   0.142s] ( 363/1136) conductor-core scenario::tests::scrub_pipeline_degraded_fixtures_load_and_validate::case_5
        PASS [   0.009s] ( 364/1136) conductor-core verdict::tests::label_and_prefix_are_stable
        PASS [   0.143s] ( 365/1136) conductor-core scenario::tests::scrub_pipeline_degraded_suite_is_uniformly_declare_only
        PASS [   0.142s] ( 366/1136) conductor-core scenario::tests::severity_lifecycle_family_is_declare_only::case_1
        PASS [   0.142s] ( 367/1136) conductor-core scenario::tests::severity_lifecycle_family_is_declare_only::case_2
        PASS [   0.142s] ( 368/1136) conductor-core scenario::tests::severity_lifecycle_family_is_declare_only::case_3
        PASS [   0.142s] ( 369/1136) conductor-core scenario::tests::severity_lifecycle_family_is_declare_only::case_4
        PASS [   0.141s] ( 370/1136) conductor-core scenario::tests::severity_lifecycle_family_is_declare_only::case_5
        PASS [   0.141s] ( 371/1136) conductor-core scenario::tests::severity_lifecycle_fixtures_load_and_validate::case_1
        PASS [   0.141s] ( 372/1136) conductor-core scenario::tests::severity_lifecycle_fixtures_load_and_validate::case_2
        PASS [   0.141s] ( 373/1136) conductor-core scenario::tests::severity_lifecycle_fixtures_load_and_validate::case_3
        PASS [   0.141s] ( 374/1136) conductor-core scenario::tests::severity_lifecycle_fixtures_load_and_validate::case_4
        PASS [   0.141s] ( 375/1136) conductor-core scenario::tests::severity_lifecycle_fixtures_load_and_validate::case_5
        PASS [   0.142s] ( 376/1136) conductor-core scenario::tests::severity_tier_baselines_select_their_confidence_band::case_1
        PASS [   0.141s] ( 377/1136) conductor-core scenario::tests::severity_tier_baselines_select_their_confidence_band::case_2
        PASS [   0.142s] ( 378/1136) conductor-core scenario::tests::severity_tier_baselines_select_their_confidence_band::case_3
        PASS [   0.140s] ( 379/1136) conductor-core scenario::tests::slo_tier_deadline_ms_maps_the_three_tiers
        PASS [   0.141s] ( 380/1136) conductor-core scenario::tests::slo_tier_serializes_to_wire_forms
        PASS [   0.142s] ( 381/1136) conductor-core scenario::tests::statistical_anomaly_fixtures_are_declare_only_at_the_harvest_tier::case_1
        PASS [   0.142s] ( 382/1136) conductor-core scenario::tests::statistical_anomaly_fixtures_are_declare_only_at_the_harvest_tier::case_2
        PASS [   0.145s] ( 383/1136) conductor-core scenario::tests::statistical_anomaly_fixtures_load_and_validate::case_1
        PASS [   0.243s] ( 384/1136) conductor-core scenario::tests::statistical_anomaly_fixtures_load_and_validate::case_2
        PASS [   0.242s] ( 385/1136) conductor-core scenario::tests::the_budget_rule_runs_at_the_toml_load_path
        PASS [   0.242s] ( 386/1136) conductor-core scenario::tests::well_formed_scenario_validates
        PASS [   0.241s] ( 387/1136) conductor-core scenario::tests::well_shaped_p_ids_pass_the_shape_check_whatever_the_sut_claims
        PASS [   0.251s] ( 388/1136) conductor-core scenario::tests::the_committed_catalog_declares_budgets_within_its_tiers
        PASS [   0.251s] ( 389/1136) conductor-core scenario_catalog::tests::lists_the_committed_catalog_with_identity
        PASS [   0.251s] ( 390/1136) conductor-core scenario_catalog::tests::validate_selection_accepts_suite_name_and_pid
        PASS [   0.242s] ( 391/1136) conductor-core verdict::tests::default_report_state_maps_each_verdict
        PASS [   0.251s] ( 392/1136) conductor-core scenario_catalog::tests::validate_selection_rejects_unknown
        PASS [   0.375s] ( 393/1136) conductor-core scenario::tests::scrub_pipeline_degraded_fixtures_load_and_validate::case_6
        PASS [   0.243s] ( 394/1136) conductor-core verdict::tests::round_trips_through_json
        PASS [   0.243s] ( 395/1136) conductor-core verdict::tests::serializes_to_canonical_names
        PASS [   0.246s] ( 396/1136) conductor-core::operator_pause headless_abort_resolves_to_no_go
        PASS [   0.242s] ( 397/1136) conductor-core::operator_pause headless_never_blocks_under_paused_clock
        PASS [   0.242s] ( 398/1136) conductor-core::operator_pause headless_proceed_resolves_to_go
        PASS [   0.243s] ( 399/1136) conductor-core::operator_pause prompt_is_redacted_in_the_resolution
        PASS [   0.243s] ( 400/1136) conductor-core::operator_pause resolution_is_deterministic
        PASS [   0.243s] ( 401/1136) conductor-core::operator_pause resolver_choice_drives_the_decision
        PASS [   0.259s] ( 402/1136) conductor-core::scenario_audit_gate a_pinned_row_naming_no_scenario_fails_the_gate
        PASS [   0.256s] ( 403/1136) conductor-core::scenario_audit_gate a_pinned_row_that_no_longer_describes_the_catalog_fails_the_gate
        PASS [   0.254s] ( 404/1136) conductor-core::scenario_audit_gate dropping_any_pinned_row_fails_the_gate
        PASS [   0.251s] ( 405/1136) conductor-core::scenario_audit_gate no_committed_scenario_carries_a_retired_gloss
        PASS [   0.245s] ( 406/1136) conductor-core::scenario_audit_gate the_sweep_sees_a_wrapped_gloss_the_plain_form_misses
        PASS [   0.254s] ( 407/1136) conductor-core::scenario_audit_gate the_committed_catalog_matches_the_committed_ledger
        PASS [   0.246s] ( 408/1136) conductor-core::scenario_audit_gate the_tier_set_is_closed_at_the_type_level
        PASS [   0.148s] ( 409/1136) conductor-core::toolchain_smoke report_state_status_prefix::case_1
        PASS [   0.150s] ( 410/1136) conductor-core::toolchain_smoke report_state_status_prefix::case_2
        PASS [   0.282s] ( 411/1136) conductor-core::secret_scan_gate a_secret_shaped_file_name_fails_the_gate
        PASS [   0.146s] ( 412/1136) conductor-core::toolchain_smoke report_state_status_prefix::case_3
        PASS [   0.280s] ( 413/1136) conductor-core::secret_scan_gate the_allowlist_is_graded_as_an_exact_set_in_both_directions
        PASS [   0.295s] ( 414/1136) conductor-core::secret_scan_gate a_planted_sample_fails_the_gate_naming_its_location_without_echoing_it
        PASS [   0.152s] ( 415/1136) conductor-core::toolchain_smoke verdict_status_prefix::case_1
        PASS [   0.276s] ( 416/1136) conductor-core::toolchain_smoke redact_value_is_idempotent
        PASS [   0.294s] ( 417/1136) conductor-core::secret_scan_gate every_rule_fires_on_its_runtime_built_sample
        PASS [   0.144s] ( 418/1136) conductor-core::toolchain_smoke verdict_status_prefix::case_2
        PASS [   0.144s] ( 419/1136) conductor-core::toolchain_smoke verdict_status_prefix::case_3
        PASS [   0.162s] ( 420/1136) conductor-core::workflow_env_gate a_bare_if_read_fails_naming_the_key
        PASS [   0.158s] ( 421/1136) conductor-core::workflow_env_gate a_yaml_comment_is_not_a_read_but_a_shell_comment_inside_run_is
        PASS [   0.182s] ( 422/1136) conductor-core::toolchain_smoke verdict_prefixes_snapshot
        PASS [   0.692s] ( 423/1136) conductor-core::workflow_env_gate an_undeclared_expression_read_fails_naming_the_key_and_line
        PASS [   0.695s] ( 424/1136) conductor-core::workflow_env_gate declared_written_and_other_context_reads_pass
        PASS [   0.686s] ( 425/1136) conductor-emit exception::tests::builds_one_error_span_with_a_well_formed_exception_event
        PASS [   0.697s] ( 426/1136) conductor-core::workflow_env_gate the_committed_workflows_read_only_declared_env_keys
        PASS [   0.687s] ( 427/1136) conductor-emit exception::tests::different_fingerprint_variants_diverge_from_the_base
        PASS [   0.696s] ( 428/1136) conductor-emit exception::tests::both_path_variants_are_fingerprint_significant
        PASS [   0.687s] ( 429/1136) conductor-emit exception::tests::different_seeds_diverge
        PASS [   0.688s] ( 430/1136) conductor-emit exception::tests::fingerprint_is_a_pure_function_of_content
        PASS [   0.688s] ( 431/1136) conductor-emit exception::tests::fingerprint_is_pulse_width_lowercase_hex
        PASS [   0.673s] ( 432/1136) conductor-emit exception::tests::frames_past_the_normalized_bound_do_not_change_the_fingerprint
        PASS [   0.676s] ( 433/1136) conductor-emit exception::tests::is_absolute_path_start_fires_only_on_a_token_leading_absolute::case_01
        PASS [   0.678s] ( 434/1136) conductor-emit exception::tests::is_absolute_path_start_fires_only_on_a_token_leading_absolute::case_02
        PASS [   0.681s] ( 435/1136) conductor-emit exception::tests::is_absolute_path_start_fires_only_on_a_token_leading_absolute::case_03
        PASS [   0.682s] ( 436/1136) conductor-emit exception::tests::is_absolute_path_start_fires_only_on_a_token_leading_absolute::case_04
        PASS [   0.682s] ( 437/1136) conductor-emit exception::tests::is_absolute_path_start_fires_only_on_a_token_leading_absolute::case_05
        PASS [   0.687s] ( 438/1136) conductor-emit exception::tests::is_absolute_path_start_fires_only_on_a_token_leading_absolute::case_06
        PASS [   0.656s] ( 439/1136) conductor-emit exception::tests::is_absolute_path_start_fires_only_on_a_token_leading_absolute::case_07
        PASS [   0.655s] ( 440/1136) conductor-emit exception::tests::is_absolute_path_start_fires_only_on_a_token_leading_absolute::case_08
        PASS [   0.656s] ( 441/1136) conductor-emit exception::tests::is_absolute_path_start_fires_only_on_a_token_leading_absolute::case_09
        PASS [   0.660s] ( 442/1136) conductor-emit exception::tests::is_absolute_path_start_fires_only_on_a_token_leading_absolute::case_10
        PASS [   0.657s] ( 443/1136) conductor-emit exception::tests::is_hex_address_start_needs_the_full_prefix_and_a_digit::case_1
        PASS [   0.661s] ( 444/1136) conductor-emit exception::tests::is_hex_address_start_needs_the_full_prefix_and_a_digit::case_2
        PASS [   0.663s] ( 445/1136) conductor-emit exception::tests::is_hex_address_start_needs_the_full_prefix_and_a_digit::case_3
        PASS [   0.765s] ( 446/1136) conductor-emit exception::tests::is_hex_address_start_needs_the_full_prefix_and_a_digit::case_4
        PASS [   0.768s] ( 447/1136) conductor-emit exception::tests::is_hex_address_start_needs_the_full_prefix_and_a_digit::case_5
        PASS [   0.772s] ( 448/1136) conductor-emit exception::tests::is_path_char_admits_exactly_the_path_bytes::case_01
        PASS [   0.772s] ( 449/1136) conductor-emit exception::tests::is_path_char_admits_exactly_the_path_bytes::case_02
        PASS [   0.758s] ( 450/1136) conductor-emit exception::tests::is_path_char_admits_exactly_the_path_bytes::case_03
        PASS [   0.762s] ( 451/1136) conductor-emit exception::tests::is_path_char_admits_exactly_the_path_bytes::case_04
        PASS [   0.766s] ( 452/1136) conductor-emit exception::tests::is_path_char_admits_exactly_the_path_bytes::case_05
        PASS [   0.236s] ( 453/1136) conductor-emit exception::tests::is_path_char_admits_exactly_the_path_bytes::case_06
        PASS [   0.234s] ( 454/1136) conductor-emit exception::tests::is_path_char_admits_exactly_the_path_bytes::case_07
        PASS [   0.232s] ( 455/1136) conductor-emit exception::tests::is_path_char_admits_exactly_the_path_bytes::case_08
        PASS [   0.236s] ( 456/1136) conductor-emit exception::tests::is_path_char_admits_exactly_the_path_bytes::case_09
        PASS [   0.235s] ( 457/1136) conductor-emit exception::tests::is_path_char_admits_exactly_the_path_bytes::case_10
        PASS [   0.236s] ( 458/1136) conductor-emit exception::tests::is_path_char_admits_exactly_the_path_bytes::case_11
        PASS [   0.240s] ( 459/1136) conductor-emit exception::tests::is_token_boundary_reads_the_preceding_byte::case_1
        PASS [   0.239s] ( 460/1136) conductor-emit exception::tests::is_token_boundary_reads_the_preceding_byte::case_2
        PASS [   0.238s] ( 461/1136) conductor-emit exception::tests::is_token_boundary_reads_the_preceding_byte::case_3
        PASS [   0.237s] ( 462/1136) conductor-emit exception::tests::is_token_boundary_reads_the_preceding_byte::case_4
        PASS [   0.238s] ( 463/1136) conductor-emit exception::tests::normalize_frame_leaves_non_token_leading_forms_untouched::case_1
        PASS [   0.238s] ( 464/1136) conductor-emit exception::tests::normalize_frame_leaves_non_token_leading_forms_untouched::case_2
        PASS [   0.240s] ( 465/1136) conductor-emit exception::tests::normalize_frame_leaves_non_token_leading_forms_untouched::case_3
        PASS [   0.245s] ( 466/1136) conductor-emit exception::tests::normalize_frame_leaves_non_token_leading_forms_untouched::case_4
        PASS [   0.245s] ( 467/1136) conductor-emit exception::tests::normalize_frame_strips_host_varying_parts_and_keeps_the_rest::case_1
        PASS [   0.245s] ( 468/1136) conductor-emit exception::tests::normalize_frame_strips_host_varying_parts_and_keeps_the_rest::case_2
        PASS [   0.245s] ( 469/1136) conductor-emit exception::tests::normalize_frame_strips_host_varying_parts_and_keeps_the_rest::case_3
        PASS [   0.245s] ( 470/1136) conductor-emit exception::tests::normalize_frame_strips_host_varying_parts_and_keeps_the_rest::case_4
        PASS [   0.245s] ( 471/1136) conductor-emit exception::tests::normalize_frame_strips_host_varying_parts_and_keeps_the_rest::case_5
        PASS [   0.245s] ( 472/1136) conductor-emit exception::tests::normalize_frame_strips_host_varying_parts_and_keeps_the_rest::case_6
        PASS [   0.245s] ( 473/1136) conductor-emit exception::tests::normalize_frame_strips_host_varying_parts_and_keeps_the_rest::case_7
        PASS [   0.245s] ( 474/1136) conductor-emit exception::tests::normalize_frame_strips_host_varying_parts_and_keeps_the_rest::case_8
        PASS [   0.245s] ( 475/1136) conductor-emit exception::tests::normalize_stacktrace_keeps_the_first_normalized_frames_and_skips_blank_lines
        PASS [   0.144s] ( 476/1136) conductor-emit exception::tests::path_variants_emit_a_changed_relative_path
        PASS [   0.144s] ( 477/1136) conductor-emit exception::tests::relative_paths_are_significant_at_every_depth
        PASS [   0.145s] ( 478/1136) conductor-emit exception::tests::same_fingerprint_variants_match_the_base
        PASS [   0.145s] ( 479/1136) conductor-emit exception::tests::same_seed_reproduces_identical_shape
        PASS [   0.145s] ( 480/1136) conductor-emit exception::tests::skip_absolute_path_consumes_the_whole_path_token::case_1
        PASS [   0.145s] ( 481/1136) conductor-emit exception::tests::skip_absolute_path_consumes_the_whole_path_token::case_2
        PASS [   0.145s] ( 482/1136) conductor-emit exception::tests::skip_absolute_path_consumes_the_whole_path_token::case_3
        PASS [   0.145s] ( 483/1136) conductor-emit exception::tests::skip_absolute_path_consumes_the_whole_path_token::case_4
        PASS [   0.145s] ( 484/1136) conductor-emit exception::tests::skip_absolute_path_consumes_the_whole_path_token::case_5
        PASS [   0.145s] ( 485/1136) conductor-emit exception::tests::skip_absolute_path_consumes_the_whole_path_token::case_6
        PASS [   0.145s] ( 486/1136) conductor-emit exception::tests::skip_absolute_path_consumes_the_whole_path_token::case_7
        PASS [   0.145s] ( 487/1136) conductor-emit exception::tests::skip_hex_address_consumes_every_hex_digit::case_1
        PASS [   0.145s] ( 488/1136) conductor-emit exception::tests::skip_hex_address_consumes_every_hex_digit::case_2
        PASS [   0.145s] ( 489/1136) conductor-emit exception::tests::skip_hex_address_consumes_every_hex_digit::case_3
        PASS [   0.146s] ( 490/1136) conductor-emit exception::tests::skip_line_number_suffix_takes_line_then_optional_column::case_1
        PASS [   0.146s] ( 491/1136) conductor-emit exception::tests::skip_line_number_suffix_takes_line_then_optional_column::case_2
        PASS [   0.147s] ( 492/1136) conductor-emit exception::tests::skip_line_number_suffix_takes_line_then_optional_column::case_3
        PASS [   0.146s] ( 493/1136) conductor-emit exception::tests::skip_line_number_suffix_takes_line_then_optional_column::case_4
        PASS [   0.146s] ( 494/1136) conductor-emit exception::tests::skip_line_number_suffix_takes_line_then_optional_column::case_5
        PASS [   0.144s] ( 495/1136) conductor-emit exception::tests::skip_line_number_suffix_takes_line_then_optional_column::case_6
        PASS [   0.139s] ( 496/1136) conductor-emit exception::tests::stacktrace_carries_no_absolute_host_path
        PASS [   0.139s] ( 497/1136) conductor-emit exception::tests::the_exception_event_carries_a_wall_clock_stamp
        PASS [   0.139s] ( 498/1136) conductor-emit exception::tests::token_leading_absolute_paths_normalize_to_the_same_empty_form
        PASS [   0.140s] ( 499/1136) conductor-emit latency::tests::builds_a_span_per_sample_with_nonzero_durations_under_service_name
        PASS [   0.139s] ( 500/1136) conductor-emit latency::tests::different_seeds_diverge
        PASS [   0.140s] ( 501/1136) conductor-emit latency::tests::distinct_operations_keep_distinct_profiles
        PASS [   0.139s] ( 502/1136) conductor-emit latency::tests::every_drawn_duration_is_nonzero_under_a_positive_profile
        PASS [   0.139s] ( 503/1136) conductor-emit latency::tests::profile_requires_ordered_percentiles
        PASS [   0.138s] ( 504/1136) conductor-emit latency::tests::quantile_is_exact_at_and_around_every_breakpoint::case_01
        PASS [   0.139s] ( 505/1136) conductor-emit latency::tests::quantile_is_exact_at_and_around_every_breakpoint::case_02
        PASS [   0.138s] ( 506/1136) conductor-emit latency::tests::quantile_is_exact_at_and_around_every_breakpoint::case_03
        PASS [   0.139s] ( 507/1136) conductor-emit latency::tests::quantile_is_exact_at_and_around_every_breakpoint::case_04
        PASS [   0.138s] ( 508/1136) conductor-emit latency::tests::quantile_is_exact_at_and_around_every_breakpoint::case_05
        PASS [   0.138s] ( 509/1136) conductor-emit latency::tests::quantile_is_exact_at_and_around_every_breakpoint::case_06
        PASS [   0.240s] ( 510/1136) conductor-emit latency::tests::quantile_is_exact_at_and_around_every_breakpoint::case_07
        PASS [   0.240s] ( 511/1136) conductor-emit latency::tests::quantile_is_exact_at_and_around_every_breakpoint::case_08
        PASS [   0.240s] ( 512/1136) conductor-emit latency::tests::quantile_is_exact_at_and_around_every_breakpoint::case_09
        PASS [   0.239s] ( 513/1136) conductor-emit latency::tests::quantile_is_exact_at_and_around_every_breakpoint::case_10
        PASS [   0.241s] ( 514/1136) conductor-emit latency::tests::realized_percentiles_converge_to_targets
        PASS [   0.247s] ( 515/1136) conductor-emit latency::tests::quantile_is_total_and_monotone_over_the_unit_interval
        PASS [   0.241s] ( 516/1136) conductor-emit latency::tests::request_durations_are_seeded_not_wall_clock
        PASS [   0.240s] ( 517/1136) conductor-emit latency::tests::same_seed_reproduces_identical_durations
        PASS [   0.241s] ( 518/1136) conductor-emit logs::tests::builds_a_record_per_severity_across_the_boundary
        PASS [   0.241s] ( 519/1136) conductor-emit logs::tests::out_of_range_severity_is_rejected
        PASS [   0.240s] ( 520/1136) conductor-emit logs::tests::same_inputs_reproduce_identical_shape
        PASS [   0.240s] ( 521/1136) conductor-emit logs::tests::severity_numbers_match_the_otel_enum
        PASS [   0.259s] ( 522/1136) conductor-emit latency::tests::sample_durations_nanos_draws_exactly_n_without_panicking
        PASS [   0.240s] ( 523/1136) conductor-emit logs::tests::severity_text_matches_otel_short_names
        PASS [   0.241s] ( 524/1136) conductor-emit message::tests::builds_one_span_under_service_name
        PASS [   0.242s] ( 525/1136) conductor-emit message::tests::identity_is_distinct_across_a_run_of_seeds
        PASS [   0.241s] ( 526/1136) conductor-emit message::tests::same_seed_reproduces_identity_and_distinct_seeds_diverge
        PASS [   0.242s] ( 527/1136) conductor-emit message::tests::span_is_well_formed_ok_status
        PASS [   0.242s] ( 528/1136) conductor-emit pii::tests::different_seeds_diverge
        PASS [   0.241s] ( 529/1136) conductor-emit pii::tests::each_category_value_is_structurally_valid
        PASS [   0.242s] ( 530/1136) conductor-emit pii::tests::exposes_exactly_eight_distinct_categories
        PASS [   0.241s] ( 531/1136) conductor-emit pii::tests::log_records_carry_distinct_strictly_increasing_stamps
        PASS [   0.242s] ( 532/1136) conductor-emit pii::tests::logs_request_embeds_each_value_in_body_and_attribute
        PASS [   0.242s] ( 533/1136) conductor-emit pii::tests::same_seed_reproduces_identical_corpus
        PASS [   0.243s] ( 534/1136) conductor-emit pii::tests::trace_carries_span_attributes_and_an_exception_event
        PASS [   0.243s] ( 535/1136) conductor-emit pii::tests::trace_request_shape_is_seed_deterministic
        PASS [   0.243s] ( 536/1136) conductor-emit rate::tests::breathing_oscillates_around_center
        PASS [   0.245s] ( 537/1136) conductor-emit rate::tests::builds_one_span_per_count_under_service_name
        PASS [   0.243s] ( 538/1136) conductor-emit rate::tests::constructors_validate
        PASS [   0.244s] ( 539/1136) conductor-emit rate::tests::different_seeds_diverge
        PASS [   0.142s] ( 540/1136) conductor-emit rate::tests::ramp_rises_from_first_third_to_last_third
        PASS [   0.142s] ( 541/1136) conductor-emit rate::tests::same_seed_reproduces_identical_counts
        PASS [   0.142s] ( 542/1136) conductor-emit span_tree::tests::deep_child_places_error_at_the_leaf_with_a_well_formed_chain
        PASS [   0.137s] ( 543/1136) conductor-emit span_tree::tests::different_seeds_diverge
        PASS [   0.165s] ( 544/1136) conductor-emit rate::tests::request_is_seeded_not_wall_clock
        PASS [   0.155s] ( 545/1136) conductor-emit span_tree::tests::root_placement_is_a_single_error_span
        PASS [   0.158s] ( 546/1136) conductor-emit span_tree::tests::same_seed_reproduces_identical_shape
        PASS [   0.159s] ( 547/1136) conductor-emit topology::tests::accepts_two_or_more_distinct
        PASS [   0.153s] ( 548/1136) conductor-emit topology::tests::deep_placement_errors_the_downstream_service_only
        PASS [   0.154s] ( 549/1136) conductor-emit topology::tests::deep_placement_saturates_to_the_deepest_service
        PASS [   0.154s] ( 550/1136) conductor-emit topology::tests::different_seeds_diverge
        PASS [   0.154s] ( 551/1136) conductor-emit topology::tests::emits_one_resource_spans_per_distinct_service
        PASS [   0.159s] ( 552/1136) conductor-emit topology::tests::healthy_topology_is_all_ok
        PASS [   0.159s] ( 553/1136) conductor-emit topology::tests::rejects_duplicate_service_names
        PASS [   0.159s] ( 554/1136) conductor-emit topology::tests::rejects_fewer_than_two_services
        PASS [   0.158s] ( 555/1136) conductor-emit topology::tests::root_placement_errors_the_root_service_only
        PASS [   0.159s] ( 556/1136) conductor-emit topology::tests::same_seed_reproduces_identical_shape
        PASS [   0.159s] ( 557/1136) conductor-emit topology::tests::shares_one_trace_id_with_cross_service_parent_linkage
        PASS [   0.160s] ( 558/1136) conductor-emit::egress default_connect_timeout_is_bounded_fail_fast
        PASS [   0.163s] ( 559/1136) conductor-emit::egress exports_well_formed_request_to_loopback_stub
        PASS [   0.162s] ( 560/1136) conductor-emit::egress probe_egress_ok_against_connectable_stub
        PASS [   0.164s] ( 561/1136) conductor-emit::error_spans ships_root_error_trace_to_loopback_stub
        PASS [   0.170s] ( 562/1136) conductor-emit::error_spans ships_deep_child_error_trace_to_loopback_stub
        PASS [   0.171s] ( 563/1136) conductor-emit::latency_shaping exports_per_operation_latency_to_loopback_stub
        PASS [   0.180s] ( 564/1136) conductor-emit::exception_events ships_exception_event_to_loopback_stub
        PASS [   0.167s] ( 565/1136) conductor-emit::multi_service_topology ships_multi_service_topology_to_loopback_stub
        PASS [   4.365s] ( 566/1136) conductor-cli::cli_smoke preconditions_output_leaks_no_host_path_or_env_value
        PASS [   0.163s] ( 567/1136) conductor-emit::pii_payload_corpus ships_pii_corpus_across_spans_and_exceptions
        PASS [   0.164s] ( 568/1136) conductor-emit::pii_payload_corpus ships_pii_corpus_through_logs
        PASS [   0.169s] ( 569/1136) conductor-emit::severity_logs exports_boundary_records_to_loopback_stub
        PASS [   0.253s] ( 570/1136) conductor-faults error::tests::active_zero_displays
        PASS [   0.249s] ( 571/1136) conductor-faults error::tests::bind_error_displays_its_target_addr_and_chains_the_io_source
        PASS [   0.249s] ( 572/1136) conductor-faults error::tests::gap_too_long_displays_the_gap_and_ceiling
        PASS [   0.248s] ( 573/1136) conductor-faults error::tests::gap_too_short_displays_the_gap_and_floor
        PASS [   0.249s] ( 574/1136) conductor-faults error::tests::quiet_zero_displays
        PASS [   0.278s] ( 575/1136) conductor-emit::traffic_rate_ramps exports_ramp_and_breathing_totals_to_loopback_stub
        PASS [   0.248s] ( 576/1136) conductor-faults error::tests::window_too_long_displays_the_window_and_ceiling
        PASS [   0.248s] ( 577/1136) conductor-faults gap::tests::accepts_a_gap_above_the_floor
        PASS [   0.248s] ( 578/1136) conductor-faults gap::tests::ceiling_boundary_is_inclusive
        PASS [   0.247s] ( 579/1136) conductor-faults gap::tests::distinct_inputs_yield_distinct_gaps
        PASS [   0.247s] ( 580/1136) conductor-faults gap::tests::floor_boundary_is_exclusive
        PASS [   0.247s] ( 581/1136) conductor-faults gap::tests::gap_is_preserved_exactly
        PASS [   0.247s] ( 582/1136) conductor-faults gap::tests::out_of_range_gaps_return_typed_variants
        PASS [   0.245s] ( 583/1136) conductor-faults silence::tests::construction_is_reproducible
        PASS [   0.242s] ( 584/1136) conductor-faults silence::tests::is_a_copy_value
        PASS [   0.244s] ( 585/1136) conductor-faults silence::tests::never_resumes
        PASS [   0.226s] ( 586/1136) conductor-faults train::tests::accepts_a_valid_duty_cycle
        PASS [   0.230s] ( 587/1136) conductor-faults train::tests::canonical_is_5min_10min_and_is_the_default
        PASS [   0.220s] ( 588/1136) conductor-faults train::tests::ceiling_is_inclusive_and_covers_the_lunch_variant
        PASS [   0.220s] ( 589/1136) conductor-faults train::tests::distinct_inputs_yield_distinct_trains
        PASS [   0.218s] ( 590/1136) conductor-faults train::tests::is_a_copy_value
        PASS [   0.213s] ( 591/1136) conductor-faults train::tests::phase_query_repeats_across_cycles
        PASS [   0.217s] ( 592/1136) conductor-faults train::tests::rejects_zero_active
        PASS [   0.217s] ( 593/1136) conductor-faults train::tests::rejects_zero_quiet
        PASS [   0.107s] ( 594/1136) conductor-faults::port_occupier default_target_is_the_otlp_ingest_port
        PASS [   0.218s] ( 595/1136) conductor-faults::port_occupier a_held_port_rejects_a_second_bind
        PASS [   0.112s] ( 596/1136) conductor-faults::port_occupier drop_releases_the_port
        PASS [   0.112s] ( 597/1136) conductor-faults::port_occupier occupies_a_loopback_port_and_reports_its_resolved_addr
        PASS [   0.112s] ( 598/1136) conductor-faults::port_occupier occupying_a_held_port_is_a_typed_error_not_a_panic
        PASS [   0.112s] ( 599/1136) conductor-faults::port_occupier release_frees_the_port_and_is_idempotent
        PASS [   0.118s] ( 600/1136) conductor-report coverage::tests::every_capability_renders_as_an_exact_row
        PASS [   0.117s] ( 601/1136) conductor-report coverage::tests::no_host_paths_or_struct_names_leak
        PASS [   0.117s] ( 602/1136) conductor-report coverage::tests::out_of_scope_rows_never_read_as_fail_or_blocked
        PASS [   0.129s] ( 603/1136) conductor-faults::port_occupier_span_witness the_hold_is_bracketed_by_a_fault_span_on_the_emitted_lines
        PASS [   0.117s] ( 604/1136) conductor-report coverage::tests::render_is_deterministic
        PASS [   0.117s] ( 605/1136) conductor-report coverage::tests::renders_title_summary_and_table_header
        PASS [   0.117s] ( 606/1136) conductor-report coverage::tests::summary_counts_sum_to_the_row_count
        PASS [   0.117s] ( 607/1136) conductor-report coverage::tests::summary_line_format_is_exact
        PASS [   0.117s] ( 608/1136) conductor-report coverage::tests::summary_line_holds_on_degenerate_row_sets
        PASS [   0.117s] ( 609/1136) conductor-report coverage::tests::the_unbacked_qualifier_is_not_a_fifth_summand
        PASS [   0.120s] ( 610/1136) conductor-report coverage::tests::write_overwrites_and_round_trips
        PASS [   0.118s] ( 611/1136) conductor-report db::tests::a_duplicate_check_key_is_an_err_never_a_clobber
        PASS [   0.119s] ( 612/1136) conductor-report db::tests::a_duplicate_envelope_insert_is_a_harness_error_not_a_clobber
        PASS [   0.119s] ( 613/1136) conductor-report db::tests::blocked_row_nulls_the_five_measurement_columns
        PASS [   0.119s] ( 614/1136) conductor-report db::tests::calibration_manualcheck_variant_round_trips
        PASS [   0.119s] ( 615/1136) conductor-report db::tests::check_rows_round_trip_in_declaration_order
        PASS [   0.119s] ( 616/1136) conductor-report db::tests::checks_for_is_empty_when_a_scenario_graded_nothing
        PASS [   0.119s] ( 617/1136) conductor-report db::tests::delete_run_empties_all_three_tables_and_leaves_other_runs_alone
        PASS [   0.120s] ( 618/1136) conductor-report db::tests::duplicate_key_insert_is_a_harness_error_not_a_clobber
        PASS [   0.114s] ( 619/1136) conductor-report db::tests::envelope_status_round_trips_per_run
        PASS [   0.118s] ( 620/1136) conductor-report db::tests::fingerprints_and_p_ids_are_json1_queryable
        PASS [   0.118s] ( 621/1136) conductor-report db::tests::get_absent_key_returns_none
        PASS [   0.119s] ( 622/1136) conductor-report db::tests::measured_record_round_trips
        PASS [   0.118s] ( 623/1136) conductor-report db::tests::seed_u64_above_i64_max_round_trips
        PASS [   0.112s] ( 624/1136) conductor-report db::tests::sql_metacharacters_in_a_value_are_stored_literally
        PASS [   0.114s] ( 625/1136) conductor-report db::tests::stored_cells_carry_no_host_paths_or_struct_names
        PASS [   0.114s] ( 626/1136) conductor-report db::tests::the_runs_row_keeps_its_eleven_columns_beside_the_new_table
        PASS [   0.116s] ( 627/1136) conductor-report db::tests::the_runs_table_contract_is_unchanged_by_the_envelope_table
        PASS [   0.134s] ( 628/1136) conductor-report journal::tests::append_never_overwrites_a_prior_record
        PASS [   0.178s] ( 629/1136) conductor-report db::tests::open_creates_runs_db_file_and_round_trips
        PASS [   0.226s] ( 630/1136) conductor-report journal::tests::appends_run_id_stemmed_parseable_jsonl
        PASS [   0.225s] ( 631/1136) conductor-report journal::tests::blocked_record_writes_null_measurement_fields
        PASS [   0.225s] ( 632/1136) conductor-report journal::tests::check_line_is_its_own_parseable_shape_beside_the_envelope
        PASS [   0.219s] ( 633/1136) conductor-report report::tests::a_blocked_rows_absent_verdict_renders_null
        PASS [   0.225s] ( 634/1136) conductor-report journal::tests::line_carries_only_owned_schema_keys_no_host_paths
        PASS [   0.216s] ( 635/1136) conductor-report report::tests::a_suspect_run_banners_the_breach_above_the_tally
        PASS [   0.219s] ( 636/1136) conductor-report report::tests::an_in_envelope_run_renders_no_banner
        PASS [   0.219s] ( 637/1136) conductor-report report::tests::blocked_row_shows_identity_and_tier_with_measurement_fields_em_dashed
        PASS [   0.219s] ( 638/1136) conductor-report report::tests::calibration_renders_hold_not_manual
        PASS [   0.219s] ( 639/1136) conductor-report report::tests::known_residual_renders_residual_even_with_a_verdict
        PASS [   0.219s] ( 640/1136) conductor-report report::tests::measured_empty_fingerprints_distinct_from_blocked
        PASS [   0.219s] ( 641/1136) conductor-report report::tests::no_host_paths_or_struct_names_leak
        PASS [   0.219s] ( 642/1136) conductor-report report::tests::pass_and_fail_render_their_prefixes
        PASS [   0.219s] ( 643/1136) conductor-report report::tests::render_is_deterministic
        PASS [   0.219s] ( 644/1136) conductor-report report::tests::span_fields_of_a_single_scenario_run_are_that_records_values
        PASS [   0.219s] ( 645/1136) conductor-report report::tests::span_fields_of_a_suite_are_distinct_first_seen_values
        PASS [   0.219s] ( 646/1136) conductor-report report::tests::span_fields_use_canonical_wire_names_not_human_labels
        PASS [   0.219s] ( 647/1136) conductor-report report::tests::summary_line_counts_lamps_and_shows_uniform_seed
        PASS [   0.214s] ( 648/1136) conductor-report report::tests::the_banner_does_not_alter_any_check_state
        PASS [   0.214s] ( 649/1136) conductor-report report::tests::the_banner_leaks_no_host_path_or_struct_name
        PASS [   0.215s] ( 650/1136) conductor-report report::tests::write_never_overwrites_an_existing_report
        PASS [   0.220s] ( 651/1136) conductor-report report::tests::write_creates_run_id_stemmed_file_matching_render
        PASS [   0.220s] ( 652/1136) conductor-report::coverage_gate every_accepted_capability_is_classified
        PASS [   0.203s] ( 653/1136) conductor-report::coverage_gate removing_a_real_classification_row_fails_the_gate
        PASS [   0.188s] ( 654/1136) conductor-report::coverage_gate the_committed_artifact_is_the_rendered_classification
        PASS [   0.116s] ( 655/1136) conductor-report::matrix_ledger_gate matrix_ids_are_unique
        PASS [   0.119s] ( 656/1136) conductor-report::matrix_ledger_gate every_requirement_capability_has_exactly_one_matrix_entry
        PASS [   0.115s] ( 657/1136) conductor-report::matrix_ledger_gate no_pulse_p_id_occupies_an_id_position
        PASS [   0.113s] ( 658/1136) conductor-report::matrix_ledger_gate the_gate_discriminates
        PASS [   0.122s] ( 659/1136) conductor-run canary::tests::a_zero_warm_up_emission_count_emits_nothing
        PASS [   0.126s] ( 660/1136) conductor-run canary::tests::a_zero_length_warm_up_window_emits_nothing
        PASS [   0.129s] ( 661/1136) conductor-run canary::tests::the_deterministic_canary_is_one_storm_of_the_shipped_shape
        PASS [   0.119s] ( 662/1136) conductor-run dispatch::tests::emission_seed_is_distinct_per_slot_and_stable_per_input
        PASS [   0.124s] ( 663/1136) conductor-run canary::tests::the_warm_up_emits_its_declared_count_paced_by_the_declared_gap
        PASS [   0.119s] ( 664/1136) conductor-run dispatch::tests::error_occurrences_realize_the_declared_percentage
        PASS [   0.119s] ( 665/1136) conductor-run dispatch::tests::the_base_exception_carries_no_absolute_host_path
        PASS [   0.142s] ( 666/1136) conductor-run canary::tests::the_real_model_canary_is_three_distinct_storms_ninety_seconds_apart
        PASS [   0.121s] ( 667/1136) conductor-run envelope::tests::classify_run_flags_the_first_breaching_scenario_deterministically
        PASS [   0.121s] ( 668/1136) conductor-run execute::tests::a_checks_bearing_empty_read_back_stays_blocked
        PASS [   0.116s] ( 669/1136) conductor-run execute::tests::a_declare_only_empty_read_back_routes_to_the_auto_resolve_residual
        PASS [   0.120s] ( 670/1136) conductor-run execute::tests::a_declare_only_row_under_a_degraded_read_back_is_residual_not_manual
        PASS [   0.115s] ( 671/1136) conductor-run execute::tests::a_degraded_read_back_overrides_the_state_and_leaves_the_verdict_alone
        PASS [   0.117s] ( 672/1136) conductor-run execute::tests::a_failed_read_back_call_stays_blocked_even_for_a_declare_only_scenario
        PASS [   0.122s] ( 673/1136) conductor-run execute::tests::a_fault_declaring_phase_opens_a_span_and_a_plain_phase_does_not
        PASS [   0.115s] ( 674/1136) conductor-run execute::tests::a_fault_phase_guard_binds_and_its_drop_releases
        PASS [   0.119s] ( 675/1136) conductor-run execute::tests::a_measured_row_keeps_its_verdict_when_degradation_overrides_the_state
        PASS [   0.120s] ( 676/1136) conductor-run execute::tests::a_plain_phase_guard_carries_no_occupier
        PASS [   0.122s] ( 677/1136) conductor-run execute::tests::a_populated_corpus_grades_whatever_the_scenario_declares
        PASS [   0.116s] ( 678/1136) conductor-run execute::tests::a_refused_occupy_is_captured_for_the_post_timeline_check
        PASS [   0.119s] ( 679/1136) conductor-run execute::tests::a_scenario_declaring_another_posture_is_blocked_even_on_a_ready_gate
        PASS [   0.113s] ( 680/1136) conductor-run execute::tests::a_zero_occurrence_phase_classifies_as_silence_whatever_its_shape
        PASS [   0.114s] ( 681/1136) conductor-run execute::tests::an_operator_checklist_row_stays_manual_check_on_an_undegraded_read_back
        PASS [   0.119s] ( 682/1136) conductor-run execute::tests::blocked_envelope_is_seed_identified
        PASS [   0.225s] ( 683/1136) conductor-run drive::tests::drive_run_honors_abort_before_the_first_scenario
        PASS [   0.247s] ( 684/1136) conductor-run envelope::tests::an_in_envelope_run_records_its_standing_too
        PASS [   0.252s] ( 685/1136) conductor-run drive::tests::drive_run_streams_progress_then_blocked_and_persists
        PASS [   0.256s] ( 686/1136) conductor-run drive::tests::drive_run_reports_an_abort_raised_during_the_last_scenario
        PASS [   0.249s] ( 687/1136) conductor-run envelope::tests::an_over_envelope_run_is_environment_suspect_not_fail
        PASS [   0.249s] ( 688/1136) conductor-run envelope::tests::read_envelope_round_trips_what_persist_wrote_and_is_none_for_an_unknown_run
        PASS [   0.228s] ( 689/1136) conductor-run execute::tests::every_check_survives_the_collapse_not_just_the_worst
        PASS [   0.227s] ( 690/1136) conductor-run execute::tests::execute_scenario_blocks_when_gate_not_ready
        PASS [   0.229s] ( 691/1136) conductor-run execute::tests::occupy_failure_is_captured_across_the_timeline_and_surfaces_after
        PASS [   0.206s] ( 692/1136) conductor-run execute::tests::only_the_two_run_path_faults_classify
        PASS [   0.201s] ( 693/1136) conductor-run execute::tests::the_fault_label_is_the_bounded_obs_plan_token
        PASS [   0.203s] ( 694/1136) conductor-run execute::tests::the_journal_stamp_advances_across_a_real_pause
        PASS [   0.201s] ( 695/1136) conductor-run execute::tests::the_journal_stamp_helpers_read_plausible_wall_clock_instants
        PASS [   0.201s] ( 696/1136) conductor-run execute::tests::the_ramp_factor_carries_direction_and_steepness
        PASS [   0.201s] ( 697/1136) conductor-run execute::tests::the_two_journal_stamp_helpers_denote_the_same_instant
        PASS [   0.201s] ( 698/1136) conductor-run lifecycle::tests::active_incident_ids_is_empty_only_when_the_corpus_is
        PASS [   0.199s] ( 699/1136) conductor-run lifecycle::tests::active_incident_ids_reads_every_id_the_corpus_returns
        PASS [   0.200s] ( 700/1136) conductor-run lifecycle::tests::liveness_attribution_turns_on_the_idle_threshold_exactly
        PASS [   0.199s] ( 701/1136) conductor-run preconditions::tests::a_real_model_absence_term_is_met_by_an_undeclared_handle
        PASS [   0.199s] ( 702/1136) conductor-run preconditions::tests::declares_rejects_a_name_this_environment_does_not_declare
        PASS [   0.197s] ( 703/1136) conductor-run preconditions::tests::each_posture_evaluates_only_its_own_l4_term
        PASS [   0.198s] ( 704/1136) conductor-run preconditions::tests::observe_run_contract_is_satisfied_when_no_term_is_a_shell_declaration
        PASS [   0.197s] ( 705/1136) conductor-run preconditions::tests::observe_run_contract_names_the_term_this_environment_does_not_declare
        PASS [   0.200s] ( 706/1136) conductor-run::baseline_harvest tests::a_diverging_prefix_fails_the_equality_check
        PASS [   0.202s] ( 707/1136) conductor-run::baseline_harvest tests::a_below_multiplier_cue_fails_the_convergence_witness
        PASS [   0.169s] ( 708/1136) conductor-run::baseline_harvest tests::a_low_confidence_cue_fails_the_convergence_witness
        PASS [   0.174s] ( 709/1136) conductor-run::baseline_harvest tests::a_malformed_witness_value_is_rejected
        PASS [   0.179s] ( 710/1136) conductor-run::baseline_harvest tests::a_malformed_line_is_skipped_not_fatal
        PASS [   0.176s] ( 711/1136) conductor-run::baseline_harvest tests::a_non_suggested_cue_fails_the_tier_witness
        PASS [   0.172s] ( 712/1136) conductor-run::baseline_harvest tests::an_empty_window_reports_the_missing_cue_kind
        PASS [   0.117s] ( 713/1136) conductor-run::baseline_harvest tests::the_canary_prefix_equality_holds_for_a_matching_pair
        PASS [   0.117s] ( 714/1136) conductor-run::baseline_harvest tests::the_conductor_witness_line_yields_the_32_hex_fingerprint
        PASS [   0.116s] ( 715/1136) conductor-run::baseline_harvest tests::the_error_spike_cue_satisfies_candidate_convergence_tier_and_bypass
        PASS [   0.118s] ( 716/1136) conductor-run::baseline_harvest tests::the_latency_cue_satisfies_candidate_and_convergence
        PASS [   0.118s] ( 717/1136) conductor-run::baseline_harvest tests::the_latency_leg_capture_satisfies_every_latency_predicate
        PASS [   0.116s] ( 718/1136) conductor-run::baseline_harvest tests::the_leg_a_capture_proves_the_canary_prefix_equality
        PASS [   0.117s] ( 719/1136) conductor-run::baseline_harvest tests::the_leg_a_capture_satisfies_every_error_spike_predicate
        PASS [   0.117s] ( 720/1136) conductor-run::baseline_harvest tests::the_parser_reads_the_cue_emit_line_shape
        PASS [   0.117s] ( 721/1136) conductor-run::baseline_harvest tests::the_pulse_storm_prefix_is_recovered_from_the_harvest
        PASS [   0.117s] ( 722/1136) conductor-run::baseline_harvest tests::the_two_latency_pulses_are_distinct_observations
        PASS [   0.125s] ( 723/1136) conductor-run::baseline_harvest tests::the_window_slice_drops_pre_leg_lines
        PASS [   0.131s] ( 724/1136) conductor-run::canary_wire storm_is_attributed_to_the_canary_service
        PASS [   0.136s] ( 725/1136) conductor-run::canary_wire storm_carries_distinct_span_identity_under_one_fingerprint
        PASS [   0.130s] ( 726/1136) conductor-run::canary_wire storm_reaches_the_wire_with_its_exception_events_intact
        PASS [   0.146s] ( 727/1136) conductor-run::canary_obs_witness the_wire_shape_witness_reaches_the_self_obs_artifact
        PASS [   0.112s] ( 728/1136) conductor-run::capture_paths_guard a_missing_data_dir_is_rejected_without_echoing_it
        PASS [   0.127s] ( 729/1136) conductor-run::canary_wire the_whole_canary_emission_carries_unique_span_identity
        PASS [   0.123s] ( 730/1136) conductor-run::capture_paths_guard a_data_dir_naming_a_file_is_rejected_without_echoing_it
        PASS [   0.116s] ( 731/1136) conductor-run::capture_paths_guard a_parent_escaping_runs_dir_is_rejected
        PASS [   0.117s] ( 732/1136) conductor-run::capture_paths_guard a_relative_runs_dir_resolves_under_the_root
        PASS [   0.118s] ( 733/1136) conductor-run::capture_paths_guard an_absolute_runs_dir_is_rejected_without_echoing_it
        PASS [   0.119s] ( 734/1136) conductor-run::capture_paths_guard an_existing_absolute_data_dir_resolves_to_its_logs
        PASS [   0.118s] ( 735/1136) conductor-run::capture_paths_guard an_unset_data_dir_is_rejected_by_name
        PASS [   0.119s] ( 736/1136) conductor-run::composition_root public_api_paths_are_stable
        PASS [   0.119s] ( 737/1136) conductor-run::connection_harvest no_pinned_line_carries_a_host_path_or_conductor_internal
        PASS [   0.125s] ( 738/1136) conductor-run::connection_harvest no_false_alert_off_the_conflict_leg
        PASS [   0.119s] ( 739/1136) conductor-run::connection_harvest the_conflict_leg_witnesses_receiver_failed_while_the_occupier_held
        PASS [   0.120s] ( 740/1136) conductor-run::connection_harvest the_release_is_proven_by_the_suts_own_rebind
        PASS [   0.149s] ( 741/1136) conductor-run::capture_paths_guard an_unset_runs_dir_resolves_to_runs_under_the_root
        PASS [   0.120s] ( 742/1136) conductor-run::connection_harvest the_tracker_reports_elapsed_within_the_poller_tick_of_truth
        PASS [   0.120s] ( 743/1136) conductor-run::connection_harvest the_walk_ledger_crosses_both_thresholds_in_order
        PASS [   0.120s] ( 744/1136) conductor-run::connection_harvest the_warmup_oscillation_straddles_the_idle_threshold_by_construction
        PASS [   0.187s] ( 745/1136) conductor-run::composition_root persist_and_read_envelope_round_trip_through_the_public_paths
        PASS [   0.213s] ( 746/1136) conductor-run::delegated_timing_harvest tests::a_capture_timestamp_parses_to_epoch_millis
        PASS [   0.225s] ( 747/1136) conductor-run::delegated_timing_harvest tests::a_bound_with_no_observation_is_ungraded_not_met
        PASS [   0.197s] ( 748/1136) conductor-run::delegated_timing_harvest tests::a_different_leaf_does_not_grade_this_bound
        PASS [   0.202s] ( 749/1136) conductor-run::delegated_timing_harvest tests::a_hue_sample_reports_its_offset_to_the_preceding_lifecycle_tick
        PASS [   0.203s] ( 750/1136) conductor-run::delegated_timing_harvest tests::an_empty_window_yields_no_samples_rather_than_a_satisfied_budget
        PASS [   0.206s] ( 751/1136) conductor-run::delegated_timing_harvest tests::p025_a_stale_sixty_second_sample_before_phase_two_is_excluded
        PASS [   0.212s] ( 752/1136) conductor-run::delegated_timing_harvest tests::harvest_since_skips_the_pre_leg_prefix
        PASS [   0.210s] ( 753/1136) conductor-run::delegated_timing_harvest tests::p025_an_empty_leg_window_is_ungraded_never_met
        PASS [   0.214s] ( 754/1136) conductor-run::delegated_timing_harvest tests::p025_an_in_window_sample_over_budget_is_a_hard_err_carrying_its_value
        PASS [   0.215s] ( 755/1136) conductor-run::delegated_timing_harvest tests::p025_hue_update_is_recorded_over_budget_never_asserted_as_a_pass
        PASS [   0.214s] ( 756/1136) conductor-run::delegated_timing_harvest tests::p025_in_window_samples_within_budget_grade_ok_with_the_worst
        PASS [   0.214s] ( 757/1136) conductor-run::delegated_timing_harvest tests::p025_the_anchor_is_the_nearest_preceding_fresh_incident_not_a_dedupe
        PASS [   0.213s] ( 758/1136) conductor-run::delegated_timing_harvest tests::p025_the_graded_leg_meets_its_two_second_budget_at_its_real_value
        PASS [   0.214s] ( 759/1136) conductor-run::delegated_timing_harvest tests::p025_the_re_driven_leg_measures_tick_quantization_not_update_latency
        PASS [   0.203s] ( 760/1136) conductor-run::delegated_timing_harvest tests::p027_constellation_discovery_meets_its_five_second_budget
        PASS [   0.197s] ( 761/1136) conductor-run::delegated_timing_harvest tests::p037_report_render_meets_its_two_second_budget
        PASS [   0.201s] ( 762/1136) conductor-run::delegated_timing_harvest tests::p045_counter_refresh_meets_its_one_second_budget
        PASS [   0.202s] ( 763/1136) conductor-run::delegated_timing_harvest tests::render_ms_is_carried_in_value
        PASS [   0.201s] ( 764/1136) conductor-run::delegated_timing_harvest tests::render_ms_is_not_carried_in_duration_ms
        PASS [   0.205s] ( 765/1136) conductor-run::delegated_timing_harvest tests::the_budget_boundary_is_inclusive
        PASS [   0.205s] ( 766/1136) conductor-run::delegated_timing_harvest tests::the_four_delegated_bounds_are_pinned_to_their_targets_and_budgets
        PASS [   0.205s] ( 767/1136) conductor-run::delegated_timing_harvest tests::the_window_selects_the_scenarios_own_samples_and_excludes_the_canarys
        PASS [   0.205s] ( 768/1136) conductor-run::delegated_timing_harvest tests::the_worst_observation_grades_the_budget
        PASS [   0.110s] ( 769/1136) conductor-run::dispatch_wire a_zero_occurrence_phase_is_a_real_silence_window
        PASS [   0.195s] ( 770/1136) conductor-run::dispatch_wire a_declared_occurrence_count_is_what_reaches_the_wire
        PASS [   0.117s] ( 771/1136) conductor-run::dispatch_wire a_zero_error_depth_places_the_error_at_the_root_and_a_deeper_one_does_not
        PASS [   0.118s] ( 772/1136) conductor-run::dispatch_wire the_declared_latency_percentiles_shape_the_emitted_durations
        PASS [   0.124s] ( 773/1136) conductor-run::dispatch_wire the_error_family_realizes_its_declared_percentage_and_depth
        PASS [   0.126s] ( 774/1136) conductor-run::dispatch_wire the_exception_family_cycles_its_declared_variant_mix
        PASS [   0.130s] ( 775/1136) conductor-run::dispatch_wire the_latency_family_emits_its_declared_sample_count
        PASS [   0.126s] ( 776/1136) conductor-run::dispatch_wire the_pii_family_embeds_every_declared_category
        PASS [   0.131s] ( 777/1136) conductor-run::dispatch_wire the_rate_family_emits_the_curve_total
        PASS [   0.164s] ( 778/1136) conductor-run::dispatch_wire the_committed_storm_fixture_stream_is_frozen
        PASS [   0.162s] ( 779/1136) conductor-run::dispatch_wire the_committed_storm_fixture_stream_is_frozen_at_an_alternate_seed
        PASS [   0.134s] ( 780/1136) conductor-run::dispatch_wire the_severity_family_reaches_the_logs_collector_with_its_declared_numbers
        PASS [   0.142s] ( 781/1136) conductor-run::dispatch_wire the_same_seed_reproduces_the_same_stream
        PASS [   0.134s] ( 782/1136) conductor-run::dispatch_wire the_topology_family_emits_every_declared_service
        PASS [   0.136s] ( 783/1136) conductor-run::envelope_fixture seed_the_e2e_fixture_runs_dir
        PASS [   0.132s] ( 784/1136) conductor-run::envelope_fixture the_breach_survives_neither_a_smaller_burst_nor_a_longer_window
        PASS [   0.133s] ( 785/1136) conductor-run::envelope_fixture the_fixture_breaches_the_pinned_envelope
        PASS [   0.209s] ( 786/1136) conductor-run::dispatch_wire the_committed_error_baseline_fixture_stream_is_frozen
        PASS [   0.138s] ( 787/1136) conductor-run::journal_conformance a_conformant_row_passes_every_arm
        PASS [   0.134s] ( 788/1136) conductor-run::journal_conformance a_row_carrying_an_absolute_host_path_fails_the_gate
        PASS [   0.134s] ( 789/1136) conductor-run::journal_conformance a_row_missing_a_required_key_fails_the_gate
        PASS [   0.134s] ( 790/1136) conductor-run::journal_conformance a_row_missing_an_optional_key_fails_the_gate
        PASS [   0.124s] ( 791/1136) conductor-run::journal_conformance every_journal_in_a_pointed_at_runs_dir_conforms
        PASS [   0.124s] ( 792/1136) conductor-run::journal_conformance the_committed_fixture_journal_conforms
        PASS [   0.126s] ( 793/1136) conductor-run::journal_conformance the_two_registered_shapes_carry_their_contract_arity
        PASS [   0.108s] ( 794/1136) conductor-run::lamps_fixture the_fixture_leaves_a_classified_capability_unmentioned
        PASS [   0.116s] ( 795/1136) conductor-run::lamps_fixture the_fixture_carries_a_collision_whose_lamps_differ
        PASS [   0.101s] ( 796/1136) conductor-run::lifecycle_harvest a_single_incident_offers_no_control_to_hold
        PASS [   0.111s] ( 797/1136) conductor-run::lifecycle_harvest a_single_incident_drop_is_not_attributable
        PASS [   0.105s] ( 798/1136) conductor-run::lifecycle_harvest a_spared_control_attributes_the_drop_to_conductors_write
        PASS [   0.302s] ( 799/1136) conductor-run::envelope_fixture the_persisted_standing_round_trips_through_the_production_reader
        PASS [   0.203s] ( 800/1136) conductor-run::lifecycle_harvest an_empty_active_set_grades_no_control_not_proven
        PASS [   0.207s] ( 801/1136) conductor-run::lifecycle_harvest an_incident_still_active_after_the_write_is_not_proven
        PASS [   0.210s] ( 802/1136) conductor-run::lifecycle_harvest losing_the_control_too_is_unattributable_not_proven
        PASS [   0.308s] ( 803/1136) conductor-run::journal_conformance a_journal_written_by_the_production_writer_conforms_across_both_shapes
        PASS [   0.206s] ( 804/1136) conductor-run::lifecycle_harvest the_control_path_cannot_grade_a_single_incident_leg
        PASS [   0.208s] ( 805/1136) conductor-run::lifecycle_harvest the_live_item_key_is_incident_id
        PASS [   0.213s] ( 806/1136) conductor-run::lifecycle_harvest the_live_leg_resolve_is_attributed_by_liveness
        PASS [   0.211s] ( 807/1136) conductor-run::lifecycle_harvest the_older_incident_is_held_back_as_the_control
        PASS [   0.216s] ( 808/1136) conductor-run::lifecycle_harvest the_same_drop_without_liveness_is_unattributable
        PASS [   0.221s] ( 809/1136) conductor-run::live_suite_harvest the_auto_resolve_arm_lands_known_residual_with_its_own_route_line
        PASS [   0.208s] ( 810/1136) conductor-run::live_suite_harvest the_gate_line_is_not_confused_with_the_other_preflight_blocked_lines
        PASS [   0.211s] ( 811/1136) conductor-run::live_suite_harvest the_graded_route_lands_manual_check_on_the_same_declare_only_shape
        PASS [   0.211s] ( 812/1136) conductor-run::live_suite_harvest the_manual_path_latency_is_the_bounded_difference_of_its_two_instants
        PASS [   0.211s] ( 813/1136) conductor-run::live_suite_harvest the_readiness_gate_line_marks_the_not_ready_leg_and_only_it
        PASS [   0.213s] ( 814/1136) conductor-run::operator_pause_harvest a_checklist_item_round_trips_through_the_scenario_model
        PASS [   0.218s] ( 815/1136) conductor-run::operator_pause_harvest a_checklist_beside_expected_checks_is_rejected_at_load
        PASS [   0.213s] ( 816/1136) conductor-run::operator_pause_harvest a_scenario_declaring_no_checklist_still_holds_on_the_generic_prompt
        PASS [   0.214s] ( 817/1136) conductor-run::operator_pause_harvest an_attended_abort_is_a_recorded_value_not_a_harness_fault
        PASS [   0.206s] ( 818/1136) conductor-run::operator_pause_harvest an_empty_checklist_text_is_rejected_at_load
        PASS [   0.210s] ( 819/1136) conductor-run::operator_pause_harvest live_leg::a_no_go_is_indistinguishable_from_a_go_in_the_record
        PASS [   0.208s] ( 820/1136) conductor-run::operator_pause_harvest live_leg::every_hold_carried_its_scenarios_declared_item
        PASS [   0.212s] ( 821/1136) conductor-run::operator_pause_harvest live_leg::both_decision_arms_were_exercised_live
        PASS [   0.213s] ( 822/1136) conductor-run::operator_pause_harvest live_leg::every_live_resolution_came_from_the_dialog_never_the_headless_default
        PASS [   0.111s] ( 823/1136) conductor-run::operator_pause_harvest live_leg::the_frozen_count_sequence_is_recorded
        PASS [   0.116s] ( 824/1136) conductor-run::operator_pause_harvest live_leg::the_operators_wait_is_excluded_from_the_measured_latency
        PASS [   0.117s] ( 825/1136) conductor-run::operator_pause_harvest the_attended_leg_vehicles_declare_their_checklist_items
        PASS [   0.116s] ( 826/1136) conductor-run::operator_pause_harvest the_hold_carries_the_scenarios_declared_items
        PASS [   0.118s] ( 827/1136) conductor-run::operator_pause_harvest the_resolution_distinguishes_an_attended_activation_from_the_headless_default
        PASS [   0.125s] ( 828/1136) conductor-run::pii_harvest canary_storm_ladder_reached_autonomous_on_the_same_leg
        PASS [   0.121s] ( 829/1136) conductor-run::pii_harvest no_corpus_value_or_affix_reaches_a_pinned_line
        PASS [   0.120s] ( 830/1136) conductor-run::pii_harvest pii_exception_events_appended
        PASS [   0.119s] ( 831/1136) conductor-run::pii_harvest pii_log_records_appended_without_pk_collision_drops
        PASS [   0.119s] ( 832/1136) conductor-run::pii_harvest pii_span_batches_appended_intact
        PASS [   0.119s] ( 833/1136) conductor-run::real_model_harvest a02_both_facets_only_at_rank_2_is_a_miss_never_a_pass
        PASS [   0.119s] ( 834/1136) conductor-run::real_model_harvest a01_rank1_naming_both_facets_is_identified_and_passes
        PASS [   0.118s] ( 835/1136) conductor-run::real_model_harvest a03_the_degraded_notice_is_blocked_though_it_carries_a_retry_token
        PASS [   0.118s] ( 836/1136) conductor-run::real_model_harvest a04_the_empty_placeholder_is_blocked
        PASS [   0.119s] ( 837/1136) conductor-run::real_model_harvest a05_the_canary_identity_with_retry_is_not_identified
        PASS [   0.112s] ( 838/1136) conductor-run::real_model_harvest a06_conductor_without_a_retry_token_is_not_identified
        PASS [   0.117s] ( 839/1136) conductor-run::real_model_harvest a07_retry_without_conductor_is_not_identified
        PASS [   0.117s] ( 840/1136) conductor-run::real_model_harvest a08_both_facets_only_in_the_justification_is_not_identified
        PASS [   0.117s] ( 841/1136) conductor-run::real_model_harvest a09_case_is_not_read
        PASS [   0.117s] ( 842/1136) conductor-run::real_model_harvest a10_an_incident_opened_before_the_emission_instant_is_never_attributed
        PASS [   0.118s] ( 843/1136) conductor-run::real_model_harvest a11_two_attributable_incidents_are_blocked
        PASS [   0.118s] ( 844/1136) conductor-run::real_model_harvest a12_a_read_back_failure_is_blocked
        PASS [   0.118s] ( 845/1136) conductor-run::real_model_harvest a13_a_second_label_close_inside_the_statement_stays_in_it
        PASS [   0.119s] ( 846/1136) conductor-run::real_model_harvest a14_a_statement_carrying_a_newline_is_extracted_whole
        PASS [   0.119s] ( 847/1136) conductor-run::real_model_harvest a15_stated_limit_a_space_separated_canary_identity_passes
        PASS [   0.118s] ( 848/1136) conductor-run::real_model_harvest a16_stated_limit_negation_is_not_read
        PASS [   0.117s] ( 849/1136) conductor-run::real_model_harvest a17_stated_limit_no_retry_still_names_the_token
        PASS [   0.132s] ( 850/1136) conductor-run::real_model_harvest a18_non_retryable_carries_no_retry_token
        PASS [   0.132s] ( 851/1136) conductor-run::real_model_harvest a19_stated_limit_retried_is_not_a_retry_token
        PASS [   0.127s] ( 852/1136) conductor-run::real_model_harvest a20_stated_limit_a_hyphen_neighbour_rejects_conductor
        PASS [   0.132s] ( 853/1136) conductor-run::real_model_harvest a21_stated_limit_an_underscore_neighbour_rejects_conductor
        PASS [   0.132s] ( 854/1136) conductor-run::real_model_harvest a_canned_capture_is_never_the_real_model
        PASS [   0.133s] ( 855/1136) conductor-run::real_model_harvest a_fingerprint_is_elided_and_a_stamp_a_seed_and_a_det_prefix_are_not
        PASS [   0.133s] ( 856/1136) conductor-run::real_model_harvest a_launch_whose_basename_carries_conductor_is_not_clear
        PASS [   0.130s] ( 857/1136) conductor-run::real_model_harvest a_one_byte_change_to_a_pinned_capture_fails_its_digest
        PASS [   2.179s] ( 858/1136) conductor-emit::egress refused_transport_surfaces_emit_error
        PASS [   2.195s] ( 859/1136) conductor-emit::egress probe_egress_refused_surfaces_emit_error
        PASS [   2.185s] ( 860/1136) conductor-emit::latency_shaping refused_transport_surfaces_emit_error
        PASS [   2.198s] ( 861/1136) conductor-emit::multi_service_topology refused_transport_surfaces_emit_error
        PASS [   0.232s] ( 862/1136) conductor-run::real_model_harvest a_path_valued_workspace_leaks_neither_its_key_nor_its_path
        PASS [   0.233s] ( 863/1136) conductor-run::real_model_harvest a_read_back_route_missing_its_emission_span_does_not_conform
        PASS [   0.232s] ( 864/1136) conductor-run::real_model_harvest a_tier_2_tick_before_the_parse_does_not_turn_a_dismissal_into_a_fault
        PASS [   0.233s] ( 865/1136) conductor-run::real_model_harvest a_tier_2_tick_before_the_parse_does_not_turn_a_surfacing_into_a_fault
        PASS [   0.233s] ( 866/1136) conductor-run::real_model_harvest an_earlier_digest_s_outcome_is_never_the_canary_s
        PASS [   0.232s] ( 867/1136) conductor-run::real_model_harvest an_inference_error_or_a_skip_is_a_pipeline_fault
        PASS [   0.235s] ( 868/1136) conductor-run::real_model_harvest each_2026_09_30_capture_matches_its_pinned_digest
        PASS [   0.235s] ( 869/1136) conductor-run::real_model_harvest each_2026_09_30_drive_grades_as_the_ledger_records
        PASS [   0.235s] ( 870/1136) conductor-run::real_model_harvest each_2026_09_30_drive_recorded_the_current_rule_before_it_fired
        PASS [   0.231s] ( 871/1136) conductor-run::real_model_harvest each_route_carries_its_own_trace_witness_set
        PASS [   0.235s] ( 872/1136) conductor-run::real_model_harvest each_series_capture_matches_its_pinned_digest
        PASS [   0.236s] ( 873/1136) conductor-run::real_model_harvest each_series_drive_grades_as_the_ledger_records
        PASS [   0.229s] ( 874/1136) conductor-run::real_model_harvest every_row_of_the_further_grades_is_reachable
        PASS [   0.235s] ( 875/1136) conductor-run::real_model_harvest each_series_drive_recorded_the_current_rule_before_it_fired
        PASS [   0.229s] ( 876/1136) conductor-run::real_model_harvest every_row_of_the_posture_table_is_reachable
        PASS [   2.269s] ( 877/1136) conductor-emit::severity_logs refused_transport_surfaces_emit_error
        PASS [   0.233s] ( 878/1136) conductor-run::real_model_harvest every_series_drive_witnesses_the_real_model_and_a_clear_launch
        PASS [   0.213s] ( 879/1136) conductor-run::real_model_harvest p031_a_degraded_report_is_blocked
        PASS [   0.222s] ( 880/1136) conductor-run::real_model_harvest no_committed_capture_text_sits_in_test_source
        PASS [   0.213s] ( 881/1136) conductor-run::real_model_harvest p031_a_narrative_placeholder_is_manual_check
        PASS [   0.213s] ( 882/1136) conductor-run::real_model_harvest p031_a_section_missing_or_out_of_order_fails
        PASS [   0.212s] ( 883/1136) conductor-run::real_model_harvest p031_all_six_in_order_with_both_narratives_passes
        PASS [   0.211s] ( 884/1136) conductor-run::real_model_harvest p031_no_attributable_incident_is_blocked
        PASS [   0.211s] ( 885/1136) conductor-run::real_model_harvest p034_a_numbered_entry_passes
        PASS [   0.208s] ( 886/1136) conductor-run::real_model_harvest p034_a_numbered_line_needs_digits_then_a_dot_and_a_space
        PASS [   0.192s] ( 887/1136) conductor-run::real_model_harvest p034_an_absent_section_is_blocked
        PASS [   0.185s] ( 888/1136) conductor-run::real_model_harvest p034_the_degraded_notice_is_blocked
        PASS [   0.170s] ( 889/1136) conductor-run::real_model_harvest p034_the_empty_placeholder_is_manual_check
        PASS [   0.158s] ( 890/1136) conductor-run::real_model_harvest p044_a_prior_incident_and_retrieved_rows_pass
        PASS [   0.128s] ( 891/1136) conductor-run::real_model_harvest p044_an_entry_opened_after_the_attributed_incident_is_never_retrieval
        PASS [   0.128s] ( 892/1136) conductor-run::real_model_harvest p044_no_previously_seen_section_is_blocked
        PASS [   0.128s] ( 893/1136) conductor-run::real_model_harvest p044_zero_or_unknown_rows_are_blocked
        PASS [   0.128s] ( 894/1136) conductor-run::real_model_harvest rule_predates_the_drive
        PASS [   0.133s] ( 895/1136) conductor-run::real_model_harvest the_2026_09_30_captures_carry_no_fingerprint_and_no_workspace_key
        PASS [   0.132s] ( 896/1136) conductor-run::real_model_harvest the_2026_09_30_envelopes_carry_the_eleven_keys
        PASS [   0.127s] ( 897/1136) conductor-run::real_model_harvest the_2026_09_30_series_rule_was_fixed_before_d1
        PASS [   0.126s] ( 898/1136) conductor-run::real_model_harvest the_canary_s_three_tokens_are_counted
        PASS [   0.126s] ( 899/1136) conductor-run::real_model_harvest the_capture_computes_the_dispatcher_s_own_exception
        PASS [   0.131s] ( 900/1136) conductor-run::real_model_harvest the_capture_prints_every_token_the_rule_reads
        PASS [   0.126s] ( 901/1136) conductor-run::real_model_harvest the_cue_line_itself_satisfies_the_rule
        PASS [   0.125s] ( 902/1136) conductor-run::real_model_harvest the_elided_capture_matches_its_pinned_digest
        PASS [   0.126s] ( 903/1136) conductor-run::real_model_harvest the_elided_copy_is_the_frozen_capture_through_the_rule
        PASS [   0.130s] ( 904/1136) conductor-run::real_model_harvest the_later_scrub_stages_leave_the_placeholder_intact
        PASS [   0.132s] ( 905/1136) conductor-run::real_model_harvest the_mask_covers_every_form_redact_value_misses
        PASS [   0.128s] ( 906/1136) conductor-run::real_model_harvest the_mask_covers_the_named_roots
        PASS [   0.132s] ( 907/1136) conductor-run::real_model_harvest the_mask_is_idempotent
        PASS [   0.132s] ( 908/1136) conductor-run::real_model_harvest the_mask_leaves_a_url_a_repo_path_and_a_span_ref_alone
        PASS [   0.133s] ( 909/1136) conductor-run::real_model_harvest the_mask_only_replaces_a_neighbour_bounded_key
        PASS [   0.137s] ( 910/1136) conductor-run::real_model_harvest the_mask_replaces_a_raw_key_in_a_body_line
        PASS [   0.137s] ( 911/1136) conductor-run::real_model_harvest the_mask_replaces_a_scrubber_rendered_workspace_value
        PASS [   0.137s] ( 912/1136) conductor-run::real_model_harvest the_mask_replaces_the_key_in_a_previously_seen_suffix
        PASS [   0.138s] ( 913/1136) conductor-run::real_model_harvest the_mask_replaces_the_workspace_line_without_a_key
        PASS [   0.139s] ( 914/1136) conductor-run::real_model_harvest the_next_canary_storm_s_prompt_is_never_the_previous_one_s
        PASS [   0.140s] ( 915/1136) conductor-run::real_model_harvest the_pinned_capture_grades_as_the_drive_measured
        PASS [   0.141s] ( 916/1136) conductor-run::real_model_harvest the_pinned_capture_is_blocked_on_every_further_grade
        PASS [   0.140s] ( 917/1136) conductor-run::real_model_harvest the_pinned_capture_witnesses_the_real_model_and_a_clear_launch
        PASS [   0.141s] ( 918/1136) conductor-run::real_model_harvest the_pinned_envelope_carries_the_eleven_keys_and_the_closed_sets
        PASS [   0.142s] ( 919/1136) conductor-run::real_model_harvest the_pinned_trace_carries_its_route_s_witness_set
        PASS [   0.142s] ( 920/1136) conductor-run::real_model_harvest the_rendering_witness_classifies_without_the_value
        PASS [   0.142s] ( 921/1136) conductor-run::real_model_harvest the_rule_section_is_extractable_and_bounded_by_its_markers
        PASS [   0.150s] ( 922/1136) conductor-run::real_model_harvest the_series_captures_carry_no_fingerprint
        PASS [   0.239s] ( 923/1136) conductor-run::real_model_harvest the_sweep_reads_an_incident_that_resolved_below_the_lowest_active_one
        PASS [   0.248s] ( 924/1136) conductor-run::real_model_harvest the_series_envelopes_carry_the_eleven_keys
        PASS [   0.240s] ( 925/1136) conductor-run::real_model_harvest the_sweep_window_is_bounded_and_floored_at_one
        PASS [   0.245s] ( 926/1136) conductor-run::real_model_harvest v3_09_is_not_met_by_the_2026_09_30_series
        PASS [   0.248s] ( 927/1136) conductor-run::real_model_harvest v3_09_is_not_met_by_the_series
        PASS [   0.243s] ( 928/1136) conductor-run::restart_harvest tests::the_corpus_keeper_needs_the_autonomous_tier
        PASS [   0.249s] ( 929/1136) conductor-run::restart_harvest tests::the_absolute_arm_requires_the_trigger_and_the_kept_young_cue
        PASS [   0.248s] ( 930/1136) conductor-run::restart_harvest tests::the_pinned_leg_lines_parse_and_satisfy_every_witness
        PASS [   0.249s] ( 931/1136) conductor-run::restart_harvest tests::the_pinned_observations_carry_the_measured_values
        PASS [   0.249s] ( 932/1136) conductor-run::restart_harvest tests::the_restart_witness_needs_two_over_threshold_crossings
        PASS [   0.249s] ( 933/1136) conductor-run::restart_harvest tests::the_suppressed_witness_fails_on_a_leaked_young_emit_or_missing_drop_evidence
        PASS [   0.248s] ( 934/1136) conductor-run::restart_harvest tests::the_surgical_crossing_needs_the_plain_keep_not_a_bypassed_one
        PASS [   0.254s] ( 935/1136) conductor-run::run_contract_pin an_undeclared_environment_leaves_every_observable_term_unmet
        PASS [   0.250s] ( 936/1136) conductor-run::run_contract_pin declaring_every_observable_handle_satisfies_the_contract
        PASS [   0.249s] ( 937/1136) conductor-run::run_contract_pin every_shell_declaration_term_names_an_env_var
        PASS [   0.249s] ( 938/1136) conductor-run::run_contract_pin the_mcp_enabled_term_is_a_blockable_shell_declaration
        PASS [   0.249s] ( 939/1136) conductor-run::run_contract_pin the_observable_env_set_is_pinned
        PASS [   0.253s] ( 940/1136) conductor-run::severity_harvest tests::a_deduped_retrigger_fails_new_not_reopen
        PASS [   0.249s] ( 941/1136) conductor-run::severity_harvest tests::a_harvest_of_unrelated_lines_yields_no_observations
        PASS [   0.249s] ( 942/1136) conductor-run::severity_harvest tests::a_resolution_past_the_window_and_tick_fails_the_bound
        PASS [   0.249s] ( 943/1136) conductor-run::severity_harvest tests::a_resolution_summary_line_falsifies_the_absence_witness
        PASS [   0.247s] ( 944/1136) conductor-run::severity_harvest tests::a_rising_active_count_is_not_an_auto_resolve
        PASS [   0.247s] ( 945/1136) conductor-run::severity_harvest tests::all_resolved_at_needs_an_incident_and_an_emptying
        PASS [   0.248s] ( 946/1136) conductor-run::severity_harvest tests::canary_cues_are_separable_from_scenario_cues_by_sample_count
        PASS [   0.247s] ( 947/1136) conductor-run::severity_harvest tests::leg_a_carries_no_resolution_summary
        PASS [   0.254s] ( 948/1136) conductor-run::severity_harvest tests::harvest_since_skips_the_pre_leg_prefix
        PASS [   0.247s] ( 949/1136) conductor-run::severity_harvest tests::leg_a_proves_auto_resolve_within_the_window_and_tick
        PASS [   0.248s] ( 950/1136) conductor-run::severity_harvest tests::leg_a_proves_new_not_reopen_on_the_same_fingerprint
        PASS [   0.241s] ( 951/1136) conductor-run::severity_harvest tests::leg_b_reaches_the_autonomous_band_by_the_authored_mechanism
        PASS [   0.142s] ( 952/1136) conductor-run::severity_harvest tests::the_auto_resolve_tick_counters_are_redacted_on_the_wire
        PASS [   0.147s] ( 953/1136) conductor-run::severity_harvest tests::leg_e_exercised_the_auto_resolve_residual_arm_live
        PASS [   0.147s] ( 954/1136) conductor-run::severity_harvest tests::the_first_drop_is_not_the_scenarios_resolution
        PASS [   0.144s] ( 955/1136) conductor-run::severity_harvest tests::the_three_tier_legs_separate_by_confidence_at_equal_magnitude
        PASS [   0.143s] ( 956/1136) conductor-run::storm_harvest tests::a_single_fingerprint_storm_satisfies_p017
        PASS [   0.148s] ( 957/1136) conductor-run::storm_harvest tests::a_malformed_line_is_skipped_not_fatal
        PASS [   0.146s] ( 958/1136) conductor-run::storm_harvest tests::a_sub_floor_harvest_carries_no_storm_line
        PASS [   0.143s] ( 959/1136) conductor-run::storm_harvest tests::a_suggested_only_storm_fails_the_tier_ladder
        PASS [   0.141s] ( 960/1136) conductor-run::storm_harvest tests::an_aggregating_sub_floor_window_fails_the_absence_check
        PASS [   0.142s] ( 961/1136) conductor-run::storm_harvest tests::an_empty_window_fails_the_retry_storm_surface_check
        PASS [   0.142s] ( 962/1136) conductor-run::storm_harvest tests::the_parser_reads_pulses_real_storm_line_shape
        PASS [   0.143s] ( 963/1136) conductor-run::storm_harvest tests::the_storm_surfaces_a_retry_storm_cue
        PASS [   0.137s] ( 964/1136) conductor-run::storm_harvest tests::the_tier_ladder_reaches_autonomous_past_the_threshold
        PASS [   0.143s] ( 965/1136) conductor-run::storm_harvest tests::two_fingerprints_fail_p017
        PASS [   0.148s] ( 966/1136) conductor-run::storm_harvest tests::the_window_slice_drops_pre_leg_lines
        PASS [   0.152s] ( 967/1136) conductor-tauri::bin/conductor-tauri commands::tests::list_scenarios_errors_when_the_capability_manifest_is_unreachable
        PASS [   0.158s] ( 968/1136) conductor-tauri::bin/conductor-tauri commands::tests::coverage_matrix_command_returns_every_classified_pid
        PASS [   0.145s] ( 969/1136) conductor-tauri::bin/conductor-tauri commands::tests::load_all_reads_every_committed_fixture_scenario
        PASS [   0.149s] ( 970/1136) conductor-tauri::bin/conductor-tauri commands::tests::mock_app_registers_the_full_command_surface
        PASS [   0.149s] ( 971/1136) conductor-tauri::bin/conductor-tauri commands::tests::resolve_handle_rejects_a_traversal_default_naming_the_traversal
        PASS [   0.150s] ( 972/1136) conductor-tauri::bin/conductor-tauri commands::tests::resolve_handle_resolves_an_in_scope_default_under_the_current_dir
        PASS [   0.150s] ( 973/1136) conductor-tauri::bin/conductor-tauri commands::tests::resolve_selection_loads_exactly_one_for_a_named_scenario
        PASS [   0.150s] ( 974/1136) conductor-tauri::bin/conductor-tauri commands::tests::resolve_selection_loads_the_whole_suite_for_the_sentinel
        PASS [   0.153s] ( 975/1136) conductor-tauri::bin/conductor-tauri commands::tests::run_envelope_command_returns_null_when_no_run_has_an_envelope
        PASS [   0.148s] ( 976/1136) conductor-tauri::bin/conductor-tauri commands::tests::run_envelope_errors_on_a_supplied_run_id_with_an_unresolvable_runs_dir
        PASS [   0.152s] ( 977/1136) conductor-tauri::bin/conductor-tauri commands::tests::run_report_command_returns_a_well_formed_record_list
        PASS [   0.154s] ( 978/1136) conductor-tauri::bin/conductor-tauri commands::tests::run_report_errors_on_a_supplied_run_id_with_an_unresolvable_runs_dir
        PASS [   0.150s] ( 979/1136) conductor-tauri::bin/conductor-tauri commands::tests::start_run_errors_before_spawning_a_run_thread
        PASS [   0.152s] ( 980/1136) conductor-tauri::bin/conductor-tauri commands::tests::stop_run_command_sets_the_cooperative_abort_flag
        PASS [   0.150s] ( 981/1136) conductor-tauri::bin/conductor-tauri commands::tests::the_artifact_handles_resolve_absolute_paths_under_the_current_dir
        PASS [   0.150s] ( 982/1136) conductor-tauri::bin/conductor-tauri commands::tests::the_committed_scenarios_fixture_stays_loadable
        PASS [   0.153s] ( 983/1136) conductor-tauri::bin/conductor-tauri commands::tests::unbacked_auto_command_returns_the_core_ledger
        PASS [   0.150s] ( 984/1136) conductor-tauri::bin/conductor-tauri pause::tests::a_dropped_sender_is_abort_safe_no_go
        PASS [   0.143s] ( 985/1136) conductor-tauri::bin/conductor-tauri pause::tests::deliver_is_a_no_op_without_a_pending_hold
        PASS [   0.149s] ( 986/1136) conductor-tauri::bin/conductor-tauri pause::tests::gate_delivers_the_decision_to_the_awaiting_hold
        PASS [   0.251s] ( 987/1136) conductor-tauri::bin/conductor-tauri pause::tests::hold_prompt_projects_the_hold_point
        PASS [   0.250s] ( 988/1136) conductor-tauri::bin/conductor-tauri pause::tests::hold_prompt_serializes_the_checklist_for_the_webview
        PASS [   0.254s] ( 989/1136) conductor-tauri::bin/conductor-tauri pause::tests::resolve_operator_hold_command_delivers_the_decision
        PASS [   0.250s] ( 990/1136) conductor-tauri::bin/conductor-tauri pause::tests::the_tauri_resolver_identifies_itself_as_the_dialog_resolver
        PASS [   0.250s] ( 991/1136) conductor-tauri::bin/conductor-tauri tests::the_obs_sink_is_a_file_sink_whenever_the_path_resolves
        PASS [   0.251s] ( 992/1136) conductor-tauri::bin/conductor-tauri tests::the_self_obs_sink_resolves_beside_the_runs_dir
        PASS [   0.252s] ( 993/1136) conductor-timeline convert::tests::conversion_preserves_order_and_maps_timing
        PASS [   0.242s] ( 994/1136) conductor-timeline convert::tests::different_seeds_diverge
        PASS [   0.246s] ( 995/1136) conductor-timeline convert::tests::same_seed_reproduces_transitions_in_phase_order
        PASS [   0.236s] ( 996/1136) conductor-timeline::determinism different_seeds_yield_different_shapes
        PASS [   0.237s] ( 997/1136) conductor-timeline::determinism an_empty_timeline_is_a_harness_fault
        PASS [   0.254s] ( 998/1136) conductor-timeline::determinism gaps_stay_within_the_declared_jitter_bound
        PASS [   0.254s] ( 999/1136) conductor-timeline::determinism jitter_never_produces_a_negative_gap
        PASS [   0.254s] (1000/1136) conductor-timeline::determinism same_seed_reproduces_the_sequence
        PASS [   0.253s] (1001/1136) conductor-timeline::determinism zero_jitter_lands_each_gap_exactly_as_declared
        PASS [   0.254s] (1002/1136) conductor-timeline::pacing a_failing_hook_surfaces_as_a_harness_fault_naming_its_phase
        PASS [   0.261s] (1003/1136) conductor-timeline::obs_span timeline_execute_carries_phase_count_and_emission_count_on_the_emitted_line
        PASS [   0.250s] (1004/1136) conductor-timeline::pacing a_phase_costs_its_whole_gap_whatever_its_emission_count
        PASS [   0.251s] (1005/1136) conductor-timeline::pacing each_phase_last_emission_sits_on_its_boundary_within_timer_resolution
        PASS [   0.249s] (1006/1136) conductor-timeline::pacing emissions_land_inside_their_own_phase_window
        PASS [   0.251s] (1007/1136) conductor-timeline::pacing observing_does_not_move_the_transition_stream
        PASS [   2.231s] (1008/1136) conductor-run preconditions::tests::observe_preconditions_grades_each_handle_from_its_own_environment
        PASS [   0.250s] (1009/1136) conductor-timeline::pacing the_observed_value_is_dropped_at_its_own_phase_boundary
        PASS [   0.252s] (1010/1136) conductor-timeline::pacing the_phase_observer_fires_once_per_phase_including_a_silent_one
        PASS [   0.284s] (1011/1136) conductor-timeline::pacing fixture_emission_stream_is_frozen
        PASS [   0.255s] (1012/1136) conductor-timeline::pacing the_transition_stream_is_unchanged_by_the_emission_count
        PASS [   0.286s] (1013/1136) conductor-timeline::pacing fixture_emission_stream_is_frozen_at_an_alternate_seed
        PASS [   0.254s] (1014/1136) conductor-timeline::pacing total_emissions_is_derivable_without_running_the_timeline
        PASS [   0.157s] (1015/1136) conductor-verify error::tests::data_dir_rejected_displays_its_reason
        PASS [   0.151s] (1016/1136) conductor-verify error::tests::jsonrpc_error_display_shows_only_the_code_not_the_server_message
        PASS [   0.151s] (1017/1136) conductor-verify error::tests::spawn_displays_its_message_and_chains_the_io_source
        PASS [   0.169s] (1018/1136) conductor-timeline::replay gaps_stay_bounded_and_elapsed_is_monotonic
        PASS [   0.156s] (1019/1136) conductor-verify extract::tests::count_at_least_reads_the_evidence_count_as_a_bare_decimal
        PASS [   0.190s] (1020/1136) conductor-timeline::replay fixture_stream_shape_is_frozen
        PASS [   0.188s] (1021/1136) conductor-timeline::replay fixture_stream_shape_is_frozen_at_an_alternate_seed
        PASS [   0.157s] (1022/1136) conductor-verify extract::tests::incident_ids_accepts_either_item_key
        PASS [   0.181s] (1023/1136) conductor-timeline::replay replay_is_deterministic
        PASS [   0.151s] (1024/1136) conductor-verify extract::tests::list_text_composes_status_severity_and_title
        PASS [   0.156s] (1025/1136) conductor-verify extract::tests::readers_degrade_to_empty_on_a_malformed_shape
        PASS [   0.142s] (1026/1136) conductor-verify extract::tests::segments_are_separated_so_no_token_spans_two_of_them
        PASS [   0.142s] (1027/1136) conductor-verify extract::tests::substring_kinds_read_the_composed_text
        PASS [   0.142s] (1028/1136) conductor-verify extract::tests::top_level_keys_are_sorted_and_shape_tolerant
        PASS [   0.143s] (1029/1136) conductor-verify extract::tests::top_level_keys_witness_a_shape_the_readers_would_silently_miss
        PASS [   0.137s] (1030/1136) conductor-verify manifest::tests::loads_and_bounds_checks_the_committed_manifest
        PASS [   0.139s] (1031/1136) conductor-verify manifest::tests::missing_file_is_a_manifest_fault
        PASS [   0.142s] (1032/1136) conductor-verify manifest::tests::rejects_a_dropped_pinned_tool
        PASS [   0.142s] (1033/1136) conductor-verify manifest::tests::rejects_empty_version
        PASS [   0.144s] (1034/1136) conductor-verify record::tests::bridged_record_serializes_to_exactly_the_eleven_owned_keys
        PASS [   0.379s] (1035/1136) conductor-timeline::pacing the_declared_occurrence_total_is_seed_independent
        PASS [   0.132s] (1036/1136) conductor-verify record::tests::bridging_is_deterministic
        PASS [   0.009s] (1037/1136) conductor-verify spawn::tests::pathext_entries_are_honoured_and_normalised
        PASS [   0.128s] (1038/1136) conductor-verify record::tests::fail_outcome_maps_to_fail_state
        PASS [   0.128s] (1039/1136) conductor-verify record::tests::pass_outcome_maps_to_pass_state_and_carries_slo_timing
        PASS [   0.127s] (1040/1136) conductor-verify slo::tests::a_budget_can_fail_a_check_its_tier_would_have_passed
        PASS [   0.130s] (1041/1136) conductor-verify slo::tests::count_at_least_floor
        PASS [   0.132s] (1042/1136) conductor-verify slo::tests::evaluation_is_deterministic
        PASS [   0.406s] (1043/1136) conductor-timeline::pacing the_emission_stream_replays_identically_under_any_seed
        PASS [   0.135s] (1044/1136) conductor-verify slo::tests::exact_contains_absent_compare_as_expected
        PASS [   0.111s] (1045/1136) conductor-verify slo::tests::hard_check_passes_only_when_matched_and_within_slo
        PASS [   0.114s] (1046/1136) conductor-verify slo::tests::negative_latency_is_never_within_tolerance
        PASS [   0.114s] (1047/1136) conductor-verify slo::tests::slo_within_and_exceeded_per_tier
        PASS [   0.218s] (1048/1136) conductor-verify slo::tests::the_outcome_records_which_bound_it_was_judged_against
        PASS [   0.218s] (1049/1136) conductor-verify slo::tests::two_checks_sharing_one_instant_reach_different_verdicts_on_their_budgets
        PASS [   0.219s] (1050/1136) conductor-verify slo::tests::unmet_count_floor_routes_to_calibration_region_even_when_declared_hard
        PASS [   0.221s] (1051/1136) conductor-verify spawn::tests::a_blank_pathext_falls_back_to_exe
        PASS [   0.226s] (1052/1136) conductor-verify spawn::tests::a_different_program_name_does_not_satisfy_the_probe
        PASS [   0.228s] (1053/1136) conductor-verify spawn::tests::a_directory_named_like_the_program_is_not_an_executable
        PASS [   0.231s] (1054/1136) conductor-verify spawn::tests::a_directory_without_the_program_resolves_nothing
        PASS [   0.231s] (1055/1136) conductor-verify spawn::tests::a_later_path_entry_still_resolves
        PASS [   0.230s] (1056/1136) conductor-verify spawn::tests::accepts_well_formed_data_dirs::case_1
        PASS [   0.230s] (1057/1136) conductor-verify spawn::tests::accepts_well_formed_data_dirs::case_2
        PASS [   0.229s] (1058/1136) conductor-verify spawn::tests::accepts_well_formed_data_dirs::case_3
        PASS [   0.229s] (1059/1136) conductor-verify spawn::tests::an_absent_path_resolves_nothing
        PASS [   0.229s] (1060/1136) conductor-verify spawn::tests::an_empty_path_resolves_nothing
        PASS [   0.229s] (1061/1136) conductor-verify spawn::tests::build_command_targets_the_fixed_program_and_sets_only_the_data_dir_env
        PASS [   0.228s] (1062/1136) conductor-verify spawn::tests::default_data_dir_resolves_to_the_platform_location
        PASS [   0.227s] (1063/1136) conductor-verify spawn::tests::explicit_data_dir_is_returned_verbatim
        PASS [   0.341s] (1064/1136) conductor-verify record::tests::calibration_region_outcome_maps_to_manual_check
        PASS [   0.228s] (1065/1136) conductor-verify spawn::tests::rejects_injection_metacharacters::case_1
        PASS [   0.230s] (1066/1136) conductor-verify spawn::tests::rejects_injection_metacharacters::case_2
        PASS [   0.230s] (1067/1136) conductor-verify spawn::tests::rejects_injection_metacharacters::case_3
        PASS [   0.229s] (1068/1136) conductor-verify spawn::tests::rejects_injection_metacharacters::case_4
        PASS [   0.229s] (1069/1136) conductor-verify spawn::tests::rejects_injection_metacharacters::case_5
        PASS [   0.229s] (1070/1136) conductor-verify spawn::tests::rejects_injection_metacharacters::case_6
        PASS [   0.228s] (1071/1136) conductor-verify spawn::tests::the_bare_name_always_participates
        PASS [   0.229s] (1072/1136) conductor-verify spawn::tests::the_program_is_found_when_present_on_the_path
        PASS [   0.230s] (1073/1136) conductor-verify spawn::tests::the_sidecar_spawn_suppresses_the_child_console
        PASS [   0.233s] (1074/1136) conductor-verify verdict::tests::classification_is_deterministic
        PASS [   0.233s] (1075/1136) conductor-verify verdict::tests::observed_and_expected_are_redacted
        PASS [   0.236s] (1076/1136) conductor-verify::expected_slo comparison_kind_matrix::case_1
        PASS [   0.241s] (1077/1136) conductor-verify::expected_slo calibration_region_check_never_hard_fails
        PASS [   0.135s] (1078/1136) conductor-verify::expected_slo comparison_kind_matrix::case_2
        PASS [   0.135s] (1079/1136) conductor-verify::expected_slo comparison_kind_matrix::case_3
        PASS [   0.135s] (1080/1136) conductor-verify::expected_slo comparison_kind_matrix::case_4
        PASS [   0.136s] (1081/1136) conductor-verify::expected_slo comparison_kind_matrix::case_5
        PASS [   0.135s] (1082/1136) conductor-verify::expected_slo comparison_kind_matrix::case_6
        PASS [   0.135s] (1083/1136) conductor-verify::expected_slo comparison_kind_matrix::case_7
        PASS [   0.135s] (1084/1136) conductor-verify::expected_slo comparison_kind_matrix::case_8
        PASS [   0.134s] (1085/1136) conductor-verify::expected_slo determinism_same_inputs_same_outcome
        PASS [   0.136s] (1086/1136) conductor-verify::expected_slo hard_pass_requires_match_and_within_slo
        PASS [   0.136s] (1087/1136) conductor-verify::expected_slo observed_with_host_path_is_redacted_in_assessment
        PASS [   0.136s] (1088/1136) conductor-verify::expected_slo slo_tier_deadline_matrix::case_1
        PASS [   0.136s] (1089/1136) conductor-verify::expected_slo slo_tier_deadline_matrix::case_2
        PASS [   0.135s] (1090/1136) conductor-verify::expected_slo slo_tier_deadline_matrix::case_3
        PASS [   0.135s] (1091/1136) conductor-verify::expected_slo slo_tier_deadline_matrix::case_4
        PASS [   0.135s] (1092/1136) conductor-verify::expected_slo slo_tier_deadline_matrix::case_5
        PASS [   0.136s] (1093/1136) conductor-verify::expected_slo slo_tier_deadline_matrix::case_6
        PASS [   0.142s] (1094/1136) conductor-verify::jsonrpc_correlation a_stale_response_is_skipped_rather_than_paired_to_a_later_request
        PASS [   0.138s] (1095/1136) conductor-verify::jsonrpc_correlation request_ids_advance_so_a_response_pairs_to_exactly_one_request
        PASS [   0.137s] (1096/1136) conductor-verify::jsonrpc_correlation the_initialized_notification_reaches_the_wire_after_initialize
        PASS [   0.144s] (1097/1136) conductor-verify::preflight a_canary_call_error_is_blocked_distinctly_from_an_empty_corpus
        PASS [   0.149s] (1098/1136) conductor-verify::preflight a_blocked_precondition_carries_no_absolute_host_path
        PASS [   0.146s] (1099/1136) conductor-verify::preflight a_corpus_of_only_older_incidents_is_blocked
        PASS [   0.150s] (1100/1136) conductor-verify::preflight a_satisfied_contract_leaves_the_other_legs_deciding
        PASS [   0.153s] (1101/1136) conductor-verify::preflight an_absent_required_tool_is_blocked
        PASS [   0.153s] (1102/1136) conductor-verify::preflight an_empty_canary_names_the_workspace_key_precondition
        PASS [   0.154s] (1103/1136) conductor-verify::preflight an_incident_missing_its_open_stamp_is_blocked
        PASS [   0.148s] (1104/1136) conductor-verify::preflight an_incident_one_nanosecond_after_the_emission_stamp_is_fresh
        PASS [   0.152s] (1105/1136) conductor-verify::preflight an_incident_opened_at_exactly_the_emission_stamp_is_blocked
        PASS [   0.153s] (1106/1136) conductor-verify::preflight an_unmet_run_contract_term_is_blocked_and_named_individually
        PASS [   0.154s] (1107/1136) conductor-verify::preflight an_unmet_term_skips_the_canary_rather_than_reporting_its_symptom
        PASS [   0.206s] (1108/1136) conductor-verify::jsonrpc_line_bound a_line_one_byte_over_the_size_bound_is_a_typed_decode_error
        PASS [   0.155s] (1109/1136) conductor-verify::preflight healthy_pulse_is_ready
        PASS [   0.155s] (1110/1136) conductor-verify::preflight ready_state_serializes_to_the_readiness_envelope
        PASS [   0.156s] (1111/1136) conductor-verify::preflight the_poll_loop_sleeps_between_attempts_but_not_after_the_last
        PASS [   0.281s] (1112/1136) conductor-verify::jsonrpc_line_bound a_line_at_the_size_bound_is_accepted
        PASS [   0.258s] (1113/1136) conductor-verify::preflight wrong_protocol_version_is_blocked
        PASS [   0.260s] (1114/1136) conductor-verify::readback a_call_error_is_a_typed_value_never_a_panic
        PASS [   0.259s] (1115/1136) conductor-verify::readback a_declined_resolve_is_a_typed_json_rpc_value_never_a_panic
        PASS [   0.259s] (1116/1136) conductor-verify::readback a_declined_resolve_through_the_by_id_wrapper_is_the_same_typed_value
        PASS [   0.259s] (1117/1136) conductor-verify::readback a_malformed_result_shape_degrades_to_empty_rather_than_panicking
        PASS [   0.259s] (1118/1136) conductor-verify::readback an_applied_resolve_round_trips_pulses_raw_shape
        PASS [   0.259s] (1119/1136) conductor-verify::readback count_at_least_grades_the_evidence_count_not_the_text
        PASS [   0.259s] (1120/1136) conductor-verify::readback degraded_report_is_observed_as_the_pre_accepted_residual
        PASS [   0.259s] (1121/1136) conductor-verify::readback empty_corpus_is_never_a_gradable_observation
        PASS [   0.259s] (1122/1136) conductor-verify::readback negotiates_down_to_2024_11_05_and_round_trips_the_tool_surface
        PASS [   0.259s] (1123/1136) conductor-verify::readback observation_composes_list_fields_and_report_markdown
        PASS [   0.254s] (1124/1136) conductor-verify::readback the_by_id_wrapper_sends_the_one_field_argument_and_round_trips_the_raw_shape
        PASS [   0.258s] (1125/1136) conductor-verify::readback the_read_back_key_sets_are_pinned_as_the_live_diff_baseline
        PASS [   0.241s] (1126/1136) conductor-verify::verdict assessment_carries_observed_expected_and_delta
        PASS [   0.243s] (1127/1136) conductor-verify::verdict calibration_region_is_never_a_hard_fail::case_1
        PASS [   0.243s] (1128/1136) conductor-verify::verdict calibration_region_is_never_a_hard_fail::case_2
        PASS [   0.237s] (1129/1136) conductor-verify::verdict classify_maps_each_class_to_its_verdict::case_1
        PASS [   0.236s] (1130/1136) conductor-verify::verdict classify_maps_each_class_to_its_verdict::case_2
        PASS [   0.236s] (1131/1136) conductor-verify::verdict classify_maps_each_class_to_its_verdict::case_3
        PASS [   0.236s] (1132/1136) conductor-verify::verdict classify_maps_each_class_to_its_verdict::case_4
        PASS [   0.235s] (1133/1136) conductor-verify::verdict delta_is_present_only_for_calibration_region
        PASS [   0.303s] (1134/1136) conductor-verify::readback_shape_witness the_read_back_key_set_witness_is_recorded_once_on_the_first_answering_attempt
        PASS [   4.197s] (1135/1136) conductor-emit::pii_payload_corpus refused_transport_surfaces_emit_error
        PASS [   8.918s] (1136/1136) conductor-core::secret_scan_gate the_workspace_holds_no_secret_shaped_string
────────────
     Summary [  11.520s] 1136 tests run: 1136 passed, 0 skipped
